altitude,geo_altitude,height,horizontal_accuracy,location.lat,location.lon,pressure,speed_accuracy,time,velocity.x,velocity.y,velocity.z,vertical_accuracy
22.37,3.9061765693185864,0.0,30.0,1.2801331281661987,103.85417175292969,1010.5655714724376,,2025-07-26T06:02:24Z,0.0,-0.2,-0.2,25.0
22.37,0.7171869754951558,0.0,30.0,1.2801138162612915,103.85414123535156,1010.5655714724376,,2025-07-26T06:02:25Z,-0.2,-0.4,-0.4,25.0
22.37,-1.296911715340695,0.0,30.0,1.2801272869110107,103.85415649414062,1010.5655714724376,,2025-07-26T06:02:26Z,-0.2,-0.2,-0.2,25.0
22.37,-2.9753272910372375,0.0,30.0,1.2801214456558228,103.8541488647461,1010.5655714724376,,2025-07-26T06:02:27Z,-0.2,-0.2,0.0,25.0
22.26,-3.311010406176546,-0.11,30.0,1.2801231145858765,103.85415649414062,1010.578922072547,,2025-07-26T06:02:28Z,-0.4,-0.4,-0.2,25.0
22.26,-7.674890902987556,-0.11,30.0,1.2801098823547363,103.85413360595703,1010.578922072547,,2025-07-26T06:02:29Z,-0.6000000000000001,-0.4,0.0,25.0
22.26,-9.353306478684098,-0.11,30.0,1.2801153659820557,103.85413360595703,1010.578922072547,,2025-07-26T06:02:30Z,-0.6000000000000001,-0.6000000000000001,0.0,25.0
22.26,-8.346257133266173,-0.11,30.0,1.2801538705825806,103.85417938232422,1010.578922072547,,2025-07-26T06:02:31Z,-0.4,-0.2,0.0,25.0
22.26,-9.353306478684098,-0.11,30.0,1.2801214456558228,103.8541488647461,1010.578922072547,,2025-07-26T06:02:32Z,-0.4,-0.4,0.0,25.0
22.26,-8.849781805975136,-0.11,30.0,1.280091643333435,103.85411834716797,1010.578922072547,,2025-07-26T06:02:33Z,-0.4,-0.4,0.0,25.0
22.26,-10.024672708962715,-0.11,30.0,1.2800499200820923,103.85406494140625,1010.578922072547,,2025-07-26T06:02:34Z,-0.4,-0.4,0.0,25.0
22.26,-10.696038939241333,-0.11,30.0,1.2800188064575195,103.85403442382812,1010.578922072547,,2025-07-26T06:02:35Z,-0.4,-0.4,0.0,25.0
22.37,-9.521148036253752,0.0,30.0,1.2801048755645752,103.85413360595703,1010.5655714724376,,2025-07-26T06:02:37Z,0.0,0.0,0.0,25.0
22.37,-7.674890902987556,0.0,30.0,1.2801015377044678,103.85414123535156,1010.5655714724376,,2025-07-26T06:02:38Z,0.0,-0.2,0.0,25.0
22.37,-8.010574018126865,0.0,30.0,1.280098557472229,103.85414123535156,1010.5655714724376,,2025-07-26T06:02:39Z,0.0,-0.2,0.0,25.0
22.26,-8.514098690835828,-0.11,30.0,1.2800819873809814,103.85411834716797,1010.578922072547,,2025-07-26T06:02:40Z,0.0,0.0,0.0,25.0
22.37,-11.703088284659257,0.0,30.0,1.280038833618164,103.85406494140625,1010.5655714724376,,2025-07-26T06:02:41Z,0.0,0.0,0.0,25.0
22.37,-11.36740516951995,0.0,30.0,1.280067801475525,103.8541030883789,1010.5655714724376,,2025-07-26T06:02:42Z,0.0,0.0,0.0,25.0
22.37,-11.36740516951995,0.0,30.0,1.2800861597061157,103.85413360595703,1010.5655714724376,,2025-07-26T06:02:43Z,0.0,0.0,0.0,25.0
22.48,-12.038771399798566,0.11,30.0,1.2800782918930054,103.85411834716797,1010.5522208723281,,2025-07-26T06:02:44Z,0.0,0.0,0.0,25.0
22.48,-12.374454514937876,0.11,30.0,1.2800991535186768,103.85413360595703,1010.5522208723281,,2025-07-26T06:02:45Z,0.2,0.0,0.0,25.0
22.37,-12.374454514937876,0.0,30.0,1.2801339626312256,103.85417938232422,1010.5655714724376,,2025-07-26T06:02:46Z,0.0,0.0,0.0,25.0
22.37,-14.220711648204071,0.0,30.0,1.2801659107208252,103.85420227050781,1010.5655714724376,,2025-07-26T06:02:47Z,0.2,0.0,0.0,25.0
22.37,-15.059919436052343,0.0,30.0,1.2802108526229858,103.85425567626953,1010.5655714724376,,2025-07-26T06:02:48Z,0.2,-0.2,0.0,25.0
22.37,-15.059919436052343,0.0,30.0,1.280229091644287,103.85427856445312,1010.5655714724376,,2025-07-26T06:02:49Z,0.0,-0.4,0.0,25.0
22.37,-11.703088284659257,0.0,30.0,1.2802643775939941,103.85432434082031,1010.5655714724376,,2025-07-26T06:02:50Z,0.0,-0.2,0.0,25.0
22.37,-10.696038939241333,0.0,30.0,1.2802793979644775,103.8543472290039,1010.5655714724376,,2025-07-26T06:02:51Z,0.0,-0.4,0.0,25.0
22.37,-10.696038939241333,0.0,30.0,1.2802834510803223,103.85435485839844,1010.5655714724376,,2025-07-26T06:02:52Z,-0.2,-0.6000000000000001,-0.2,25.0
22.37,-10.528197381671678,0.0,30.0,1.280299186706543,103.85437774658203,1010.5655714724376,,2025-07-26T06:02:53Z,0.0,-0.4,0.0,25.0
22.48,-9.521148036253752,0.11,30.0,1.2802996635437012,103.85437774658203,1010.5522208723281,,2025-07-26T06:02:54Z,0.2,-0.4,0.0,25.0
22.48,-9.353306478684098,0.11,30.0,1.280297040939331,103.85437774658203,1010.5522208723281,,2025-07-26T06:02:55Z,0.2,-0.4,-0.4,25.0
22.37,-9.01762336354479,0.0,30.0,1.2802900075912476,103.85436248779297,1010.5655714724376,,2025-07-26T06:02:56Z,0.2,-0.4,-0.4,25.0
22.48,-9.521148036253752,0.11,30.0,1.2802698612213135,103.85433197021484,1010.5522208723281,,2025-07-26T06:02:57Z,0.0,-0.2,-0.2,25.0
22.48,-10.19251426653237,0.11,30.0,1.2802660465240479,103.85432434082031,1010.5522208723281,,2025-07-26T06:02:58Z,0.0,-0.2,-0.2,25.0
22.48,-13.885028533064764,0.11,30.0,1.2802551984786987,103.85430908203125,1010.5522208723281,,2025-07-26T06:02:59Z,0.0,-0.2,-0.2,25.0
22.48,-17.913225914736465,0.11,30.0,1.2802424430847168,103.85429382324219,1010.5522208723281,,2025-07-26T06:03:00Z,0.0,-0.4,-0.4,25.0
22.48,-17.913225914736465,0.11,30.0,1.280242919921875,103.85430145263672,1010.5522208723281,,2025-07-26T06:03:01Z,0.0,-0.2,-0.2,25.0
22.48,-26.305303793219178,0.11,92.6,1.2800625562667847,103.85408782958984,1010.5522208723281,,2025-07-26T06:03:02Z,0.0,-0.4,-0.4,45.0
22.6,-33.354649211144654,0.23,92.6,1.2799023389816284,103.8538818359375,1010.5388702722186,,2025-07-26T06:03:03Z,-0.2,-0.8,0.0,45.0
22.48,-29.829976502181918,0.11,92.6,1.279768705368042,103.85375213623047,1010.5522208723281,,2025-07-26T06:03:04Z,-0.4,-0.8,0.2,45.0
22.48,-35.53658945955016,0.11,92.6,1.279682993888855,103.85365295410156,1010.5522208723281,,2025-07-26T06:03:05Z,-0.4,-0.8,0.6000000000000001,150.0
23.15,-2.8074857334675833,0.78,92.6,1.2788337469100952,103.85336303710938,1010.4721172716712,,2025-07-26T06:03:14.800000Z,-2.8000000000000003,-3.2,-3.2,150.0
23.15,-0.12202081235311543,0.78,92.6,1.2788385152816772,103.85334777832031,1010.4721172716712,,2025-07-26T06:03:15Z,-3.0,-3.2,-3.6,150.0
23.15,2.899127223900661,0.78,92.6,1.2788480520248413,103.85333251953125,1010.4721172716712,,2025-07-26T06:03:15.300000Z,-2.6,-2.8000000000000003,-3.6,150.0
23.15,5.416750587445475,0.78,92.6,1.278852105140686,103.85331726074219,1010.4721172716712,,2025-07-26T06:03:15.500000Z,-2.4000000000000004,-2.6,-3.8000000000000003,150.0
23.15,7.934373950990288,0.78,92.6,1.2788528203964233,103.85330200195312,1010.4721172716712,,2025-07-26T06:03:15.800000Z,-2.2,-2.4000000000000004,-3.8000000000000003,150.0
23.15,9.61278952668683,0.78,92.6,1.2788535356521606,103.85328674316406,1010.4721172716712,,2025-07-26T06:03:16Z,-2.4000000000000004,-2.8000000000000003,-3.8000000000000003,150.0
23.15,11.123363544813719,0.78,92.6,1.2788562774658203,103.85328674316406,1010.4721172716712,,2025-07-26T06:03:16.300000Z,-2.4000000000000004,-3.0,-3.6,150.0
23.15,12.969620678079915,0.78,92.6,1.2788559198379517,103.85328674316406,1010.4721172716712,,2025-07-26T06:03:16.500000Z,-2.4000000000000004,-3.2,-3.6,150.0
23.15,15.319402484055075,0.78,92.6,1.2788498401641846,103.85327911376953,1010.4721172716712,,2025-07-26T06:03:16.800000Z,-2.2,-3.4000000000000004,-3.6,150.0
23.15,17.669184290030234,0.78,92.6,1.278846025466919,103.853271484375,1010.4721172716712,,2025-07-26T06:03:17Z,-2.0,-3.4000000000000004,-3.6,45.0
23.15,19.85112453843574,0.78,92.6,1.2788420915603638,103.853271484375,1010.4721172716712,,2025-07-26T06:03:17.300000Z,-1.6,-3.0,-3.8000000000000003,45.0
23.15,22.2009063444109,0.78,92.6,1.2788523435592651,103.85330200195312,1010.4721172716712,,2025-07-26T06:03:17.500000Z,-1.6,-3.4000000000000004,-4.0,45.0
23.15,24.382846592816403,0.78,92.6,1.278863787651062,103.85334014892578,1010.4721172716712,,2025-07-26T06:03:17.800000Z,-1.6,-3.6,-4.0,45.0
23.15,24.886371265525366,0.78,92.6,1.2788783311843872,103.8533706665039,1010.4721172716712,,2025-07-26T06:03:18Z,-1.6,-3.6,-4.0,45.0
23.15,24.886371265525366,0.78,92.6,1.278895616531372,103.85340118408203,1010.4721172716712,,2025-07-26T06:03:18.300000Z,-1.2000000000000002,-3.2,-4.0,45.0
23.15,22.536589459550207,0.78,92.6,1.278916835784912,103.85344696044922,1010.4721172716712,,2025-07-26T06:03:18.500000Z,-1.0,-2.8000000000000003,-3.8000000000000003,45.0
23.26,22.36874790198055,0.89,92.6,1.2789318561553955,103.85348510742188,1010.4587666715618,,2025-07-26T06:03:18.800000Z,-1.0,-2.6,-3.4000000000000004,45.0
23.26,22.36874790198055,0.89,92.6,1.2789440155029297,103.853515625,1010.4587666715618,,2025-07-26T06:03:19Z,-0.4,-2.8000000000000003,-3.2,45.0
23.26,21.361698556562626,0.89,92.6,1.2789545059204102,103.85354614257812,1010.4587666715618,,2025-07-26T06:03:19.300000Z,0.2,-3.0,-2.8000000000000003,45.0
23.26,22.36874790198055,0.89,30.0,1.2789617776870728,103.85357666015625,1010.4587666715618,,2025-07-26T06:03:19.500000Z,1.2000000000000002,-3.0,-2.8000000000000003,45.0
23.15,40.49563611950321,0.78,92.6,1.2789539098739624,103.85379028320312,1010.4721172716712,,2025-07-26T06:03:26.800000Z,1.0,-2.0,-1.6,45.0
23.15,41.67052702249079,0.78,92.6,1.2789497375488281,103.85379791259766,1010.4721172716712,,2025-07-26T06:03:27Z,0.8,-2.0,-1.6,45.0
23.15,42.50973481033906,0.78,92.6,1.278942346572876,103.85379791259766,1010.4721172716712,,2025-07-26T06:03:27.300000Z,0.6000000000000001,-1.8,-1.6,45.0
23.15,43.51678415575699,0.78,92.6,1.278935432434082,103.85379028320312,1010.4721172716712,,2025-07-26T06:03:27.500000Z,0.4,-1.8,-1.4000000000000001,45.0
23.26,45.027358173883876,0.89,92.6,1.278923749923706,103.85380554199219,1010.4587666715618,,2025-07-26T06:03:27.800000Z,0.8,-1.6,-1.4000000000000001,45.0
23.26,46.705773749580416,0.89,92.6,1.2789123058319092,103.85381317138672,1010.4587666715618,,2025-07-26T06:03:28Z,1.2000000000000002,-1.4000000000000001,-1.4000000000000001,45.0
23.26,47.71282309499834,0.89,92.6,1.2789077758789062,103.85381317138672,1010.4587666715618,,2025-07-26T06:03:28.300000Z,0.8,-1.6,-1.4000000000000001,45.0
23.26,46.537932192010764,0.89,92.6,1.2789868116378784,103.8538818359375,1010.4587666715618,,2025-07-26T06:03:28.500000Z,1.0,-1.2000000000000002,-1.2000000000000002,45.0
23.38,47.71282309499834,1.01,92.6,1.2789771556854248,103.85388946533203,1010.4454160714523,,2025-07-26T06:03:28.800000Z,1.0,-1.0,-1.2000000000000002,45.0
23.38,48.71987244041627,1.01,92.6,1.2789678573608398,103.85389709472656,1010.4454160714523,,2025-07-26T06:03:29Z,1.0,-1.0,-1.0,45.0
23.38,49.05555555555558,1.01,92.6,1.2789664268493652,103.85389709472656,1010.4454160714523,,2025-07-26T06:03:29.300000Z,1.0,-1.0,-1.0,45.0
23.38,49.39123867069488,1.01,92.6,1.2789651155471802,103.85389709472656,1010.4454160714523,,2025-07-26T06:03:29.500000Z,1.0,-0.8,-1.0,45.0
23.38,49.55908022826454,1.01,92.6,1.278963565826416,103.85389709472656,1010.4454160714523,,2025-07-26T06:03:29.800000Z,0.6000000000000001,-0.6000000000000001,-0.6000000000000001,45.0
23.38,49.894763343403845,1.01,92.6,1.278962254524231,103.85389709472656,1010.4454160714523,,2025-07-26T06:03:30Z,0.6000000000000001,-0.6000000000000001,-0.6000000000000001,45.0
23.38,50.39828801611281,1.01,92.6,1.278960943222046,103.85389709472656,1010.4454160714523,,2025-07-26T06:03:30.300000Z,0.6000000000000001,-0.6000000000000001,-0.6000000000000001,45.0
23.38,50.73397113125212,1.01,92.6,1.2789597511291504,103.85389709472656,1010.4454160714523,,2025-07-26T06:03:30.500000Z,0.6000000000000001,-0.6000000000000001,-0.6000000000000001,45.0
23.38,51.405337361530734,1.01,92.6,1.278959035873413,103.8539047241211,1010.4454160714523,,2025-07-26T06:03:30.800000Z,0.6000000000000001,-0.6000000000000001,-0.6000000000000001,45.0
23.38,51.405337361530734,1.01,92.6,1.2790508270263672,103.85386657714844,1010.4454160714523,,2025-07-26T06:03:32.800000Z,0.8,-0.4,-0.6000000000000001,45.0
23.38,49.55908022826454,1.01,92.6,1.2791099548339844,103.85384368896484,1010.4454160714523,,2025-07-26T06:03:33Z,0.8,-0.4,-0.6000000000000001,45.0
23.38,47.880664652568,1.01,92.6,1.2791504859924316,103.85379028320312,1010.4454160714523,,2025-07-26T06:03:33.300000Z,0.6000000000000001,-0.2,-0.6000000000000001,45.0
23.38,46.537932192010764,1.01,92.6,1.2791858911514282,103.853759765625,1010.4454160714523,,2025-07-26T06:03:33.500000Z,0.6000000000000001,-0.2,-0.6000000000000001,45.0
23.38,39.152903658945974,1.01,92.6,1.2792927026748657,103.85374450683594,1010.4454160714523,,2025-07-26T06:03:34.500000Z,0.8,-0.4,-0.8,45.0
23.38,38.64937898623701,1.01,92.6,1.2793067693710327,103.8537368774414,1010.4454160714523,,2025-07-26T06:03:34.800000Z,0.8,-0.4,-0.6000000000000001,45.0
23.38,37.47448808324943,1.01,92.6,1.2793253660202026,103.85372924804688,1010.4454160714523,,2025-07-26T06:03:35Z,0.8,-0.4,-0.6000000000000001,45.0
23.38,36.299597180261856,1.01,92.6,1.2793432474136353,103.85371398925781,1010.4454160714523,,2025-07-26T06:03:35.300000Z,0.8,-0.4,-0.8,45.0
23.38,35.79607250755289,1.01,92.6,1.2793554067611694,103.85369873046875,1010.4454160714523,,2025-07-26T06:03:35.500000Z,0.8,-0.4,-0.8,45.0
23.38,35.46038939241358,1.01,92.6,1.2793636322021484,103.85368347167969,1010.4454160714523,,2025-07-26T06:03:35.800000Z,0.8,-0.4,-0.8,45.0
23.26,35.12470627727428,0.89,92.6,1.2793712615966797,103.85366821289062,1010.4587666715618,,2025-07-26T06:03:36Z,0.8,-0.4,-0.6000000000000001,45.0
23.26,34.453340046995656,0.89,92.6,1.2793809175491333,103.8536605834961,1010.4587666715618,,2025-07-26T06:03:36.300000Z,0.8,-0.4,-0.6000000000000001,45.0
23.26,33.94981537428669,0.89,92.6,1.2793885469436646,103.85365295410156,1010.4587666715618,,2025-07-26T06:03:36.500000Z,0.8,-0.4,-0.6000000000000001,45.0
23.26,33.94981537428669,0.89,92.6,1.279393196105957,103.85364532470703,1010.4587666715618,,2025-07-26T06:03:36.800000Z,0.8,-0.4,-0.6000000000000001,45.0
23.26,33.94981537428669,0.89,92.6,1.2793972492218018,103.8536376953125,1010.4587666715618,,2025-07-26T06:03:37Z,0.6000000000000001,-0.2,-0.4,45.0
23.26,33.61413225914739,0.89,92.6,1.2794021368026733,103.85363006591797,1010.4587666715618,,2025-07-26T06:03:37.300000Z,0.4,-0.2,-0.4,45.0
23.26,34.11765693185635,0.89,92.6,1.2794240713119507,103.85365295410156,1010.4587666715618,,2025-07-26T06:03:37.500000Z,0.2,0.0,-0.2,45.0
23.26,34.285498489426004,0.89,92.6,1.2794257402420044,103.85364532470703,1010.4587666715618,,2025-07-26T06:03:37.800000Z,0.2,0.0,0.0,45.0
23.26,34.285498489426004,0.89,92.6,1.279429316520691,103.8536376953125,1010.4587666715618,,2025-07-26T06:03:38Z,0.2,0.0,-0.2,45.0
23.26,34.11765693185635,0.89,92.6,1.2794338464736938,103.8536376953125,1010.4587666715618,,2025-07-26T06:03:38.300000Z,0.4,-0.2,-0.2,45.0
23.26,33.94981537428669,0.89,92.6,1.2794384956359863,103.85363006591797,1010.4587666715618,,2025-07-26T06:03:38.500000Z,0.4,-0.2,-0.4,45.0
23.26,33.61413225914739,0.89,92.6,1.279443383216858,103.85363006591797,1010.4587666715618,,2025-07-26T06:03:38.800000Z,0.4,-0.2,-0.4,45.0
23.26,33.61413225914739,0.89,92.6,1.2794462442398071,103.85362243652344,1010.4587666715618,,2025-07-26T06:03:39Z,0.4,-0.2,-0.4,45.0
23.26,33.11060758643843,0.89,92.6,1.2794514894485474,103.85362243652344,1010.4587666715618,,2025-07-26T06:03:39.300000Z,0.4,-0.2,-0.2,45.0
23.26,33.27844914400808,0.89,92.6,1.279453158378601,103.85362243652344,1010.4587666715618,,2025-07-26T06:03:39.500000Z,0.4,-0.2,-0.2,45.0
23.26,33.61413225914739,0.89,92.6,1.2794543504714966,103.85362243652344,1010.4587666715618,,2025-07-26T06:03:39.800000Z,0.4,-0.2,-0.4,45.0
23.26,33.44629070157773,0.89,92.6,1.2794575691223145,103.85362243652344,1010.4587666715618,,2025-07-26T06:03:40Z,0.6000000000000001,-0.2,-0.4,45.0
23.26,33.27844914400808,0.89,92.6,1.2794605493545532,103.8536148071289,1010.4587666715618,,2025-07-26T06:03:40.300000Z,0.6000000000000001,-0.2,-0.4,45.0
23.26,26.900469956361217,0.89,92.6,1.2795474529266357,103.85374450683594,1010.4587666715618,,2025-07-26T06:03:40.500000Z,0.8,-0.4,-0.6000000000000001,45.0
23.26,26.56478684122191,0.89,92.6,1.2795500755310059,103.85374450683594,1010.4587666715618,,2025-07-26T06:03:40.800000Z,0.8,-0.4,-0.8,45.0
23.26,26.2291037260826,0.89,92.6,1.2795530557632446,103.85374450683594,1010.4587666715618,,2025-07-26T06:03:41Z,1.0,-0.4,-0.8,45.0
23.26,26.396945283652254,0.89,92.6,1.2795511484146118,103.8537368774414,1010.4587666715618,,2025-07-26T06:03:41.300000Z,1.0,-0.4,-0.8,45.0
23.26,27.236153071500524,0.89,92.6,1.2795461416244507,103.85372161865234,1010.4587666715618,,2025-07-26T06:03:41.500000Z,1.4000000000000001,-0.6000000000000001,-0.2,45.0
23.26,27.236153071500524,0.89,92.6,1.2795486450195312,103.85371398925781,1010.4587666715618,,2025-07-26T06:03:41.800000Z,1.6,-0.8,0.0,45.0
23.38,27.40399462907018,1.01,92.6,1.2795511484146118,103.85371398925781,1010.4454160714523,,2025-07-26T06:03:42Z,1.8,-0.8,0.0,45.0
23.38,27.236153071500524,1.01,92.6,1.2795566320419312,103.85371398925781,1010.4454160714523,,2025-07-26T06:03:42.300000Z,1.8,-0.8,0.0,45.0
23.38,27.068311513930873,1.01,92.6,1.2795614004135132,103.85371398925781,1010.4454160714523,,2025-07-26T06:03:42.500000Z,1.8,-0.8,0.0,45.0
23.38,27.068311513930873,1.01,92.6,1.2795637845993042,103.85371398925781,1010.4454160714523,,2025-07-26T06:03:42.800000Z,1.8,-0.8,0.0,45.0
23.38,27.068311513930873,1.01,92.6,1.2795650959014893,103.85372161865234,1010.4454160714523,,2025-07-26T06:03:43Z,1.8,-0.8,0.2,45.0
23.38,26.900469956361217,1.01,92.6,1.2795665264129639,103.85372161865234,1010.4454160714523,,2025-07-26T06:03:43.300000Z,1.8,-0.8,0.2,45.0
23.38,24.21500503524675,1.01,92.6,1.2795623540878296,103.85372924804688,1010.4454160714523,,2025-07-26T06:03:43.500000Z,1.8,-0.8,0.2,45.0
23.38,24.718529707955714,1.01,92.6,1.2795614004135132,103.85372161865234,1010.4454160714523,,2025-07-26T06:03:43.800000Z,1.8,-0.8,0.2,45.0
23.38,24.886371265525366,1.01,92.6,1.2795615196228027,103.85372161865234,1010.4454160714523,,2025-07-26T06:03:44Z,1.8,-0.8,0.2,45.0
23.38,24.718529707955714,1.01,92.6,1.2795628309249878,103.85372924804688,1010.4454160714523,,2025-07-26T06:03:44.300000Z,1.8,-0.8,0.2,45.0
23.38,24.047163477677095,1.01,92.6,1.2795664072036743,103.85372924804688,1010.4454160714523,,2025-07-26T06:03:44.500000Z,1.8,-0.8,0.2,45.0
23.38,22.872272574689514,1.01,92.6,1.2795708179473877,103.85372924804688,1010.4454160714523,,2025-07-26T06:03:45Z,1.2000000000000002,-0.6000000000000001,0.0,45.0
23.38,22.872272574689514,1.01,92.6,1.279571294784546,103.85372924804688,1010.4454160714523,,2025-07-26T06:03:45.300000Z,1.2000000000000002,-0.6000000000000001,0.0,45.0
23.38,21.52954011413228,1.01,92.6,1.2796653509140015,103.85385131835938,1010.4454160714523,,2025-07-26T06:03:45.500000Z,1.4000000000000001,-0.6000000000000001,0.2,45.0
23.38,19.347599865726778,1.01,92.6,1.2797667980194092,103.8539810180664,1010.4454160714523,,2025-07-26T06:03:45.800000Z,2.2,-0.6000000000000001,0.4,45.0
23.26,17.669184290030234,0.89,92.6,1.2798285484313965,103.85405731201172,1010.4587666715618,,2025-07-26T06:03:46Z,3.8000000000000003,-0.2,0.8,45.0
23.26,16.494293387042653,0.89,92.6,1.2798678874969482,103.8541030883789,1010.4587666715618,,2025-07-26T06:03:46.300000Z,5.0,0.4,1.0,45.0
23.26,11.794729775092335,0.89,92.6,1.2798837423324585,103.85414123535156,1010.4587666715618,,2025-07-26T06:03:46.500000Z,5.2,1.2000000000000002,1.4000000000000001,45.0
23.26,10.78768042967441,0.89,92.6,1.2798924446105957,103.8541488647461,1010.4587666715618,,2025-07-26T06:03:46.800000Z,5.0,1.8,1.6,45.0
23.26,10.619838872104756,0.89,92.6,1.279899001121521,103.85416412353516,1010.4587666715618,,2025-07-26T06:03:47Z,4.800000000000001,2.0,1.8,45.0
23.26,10.284155756965447,0.89,92.6,1.2799071073532104,103.85417175292969,1010.4587666715618,,2025-07-26T06:03:47.300000Z,4.800000000000001,2.2,1.8,45.0
23.26,10.451997314535102,0.89,92.6,1.2799122333526611,103.85417938232422,1010.4587666715618,,2025-07-26T06:03:47.500000Z,4.800000000000001,2.4000000000000004,1.8,45.0
23.26,10.78768042967441,0.89,92.6,1.279917597770691,103.85420227050781,1010.4587666715618,,2025-07-26T06:03:47.800000Z,5.0,2.4000000000000004,1.6,45.0
23.26,10.284155756965447,0.89,92.6,1.27992582321167,103.85421752929688,1010.4587666715618,,2025-07-26T06:03:48Z,5.2,2.4000000000000004,1.6,45.0
23.26,9.94847264182614,0.89,92.6,1.2799367904663086,103.85421752929688,1010.4587666715618,,2025-07-26T06:03:48.300000Z,5.4,2.6,1.6,45.0
23.26,9.780631084256484,0.89,92.6,1.279949426651001,103.85423278808594,1010.4587666715618,,2025-07-26T06:03:48.500000Z,5.6000000000000005,2.8000000000000003,1.4000000000000001,45.0
23.26,9.444947969117177,0.89,92.6,1.2799608707427979,103.854248046875,1010.4587666715618,,2025-07-26T06:03:48.800000Z,5.800000000000001,3.0,1.4000000000000001,45.0
23.26,9.109264853977868,0.89,92.6,1.2799699306488037,103.85425567626953,1010.4587666715618,,2025-07-26T06:03:49Z,5.800000000000001,3.2,1.4000000000000001,45.0
23.26,8.605740181268905,0.89,92.6,1.2799781560897827,103.8542709350586,1010.4587666715618,,2025-07-26T06:03:49.300000Z,5.800000000000001,3.2,1.4000000000000001,45.0
23.26,9.277106411547521,0.89,92.6,1.280042052268982,103.8543472290039,1010.4587666715618,,2025-07-26T06:03:49.500000Z,5.800000000000001,3.4000000000000004,1.4000000000000001,45.0
23.26,9.444947969117177,0.89,92.6,1.2800493240356445,103.85436248779297,1010.4587666715618,,2025-07-26T06:03:49.800000Z,5.800000000000001,3.4000000000000004,1.4000000000000001,45.0
23.26,9.444947969117177,0.89,92.6,1.2800556421279907,103.85437774658203,1010.4587666715618,,2025-07-26T06:03:50Z,5.800000000000001,3.2,1.4000000000000001,45.0
23.26,9.780631084256484,0.89,92.6,1.28005850315094,103.8543930053711,1010.4587666715618,,2025-07-26T06:03:50.300000Z,5.800000000000001,3.0,1.4000000000000001,45.0
23.26,9.94847264182614,0.89,92.6,1.2800601720809937,103.85440826416016,1010.4587666715618,,2025-07-26T06:03:50.500000Z,6.0,2.8000000000000003,1.2000000000000002,45.0
23.26,9.780631084256484,0.89,92.6,1.2800596952438354,103.85442352294922,1010.4587666715618,,2025-07-26T06:03:50.800000Z,6.2,2.4000000000000004,1.2000000000000002,45.0
23.26,9.444947969117177,0.89,92.6,1.2800571918487549,103.85443878173828,1010.4587666715618,,2025-07-26T06:03:51Z,6.4,2.0,1.2000000000000002,45.0
23.26,8.941423296408214,0.89,92.6,1.2800577878952026,103.85445404052734,1010.4587666715618,,2025-07-26T06:03:51.300000Z,6.4,1.6,1.4000000000000001,45.0
23.26,8.605740181268905,0.89,92.6,1.2800582647323608,103.85446166992188,1010.4587666715618,,2025-07-26T06:03:51.500000Z,6.4,1.2000000000000002,1.4000000000000001,45.0
23.26,8.102215508559942,0.89,92.6,1.280051350593567,103.85448455810547,1010.4587666715618,,2025-07-26T06:03:51.800000Z,6.4,0.8,1.4000000000000001,45.0
23.26,7.766532393420634,0.89,92.6,1.2800432443618774,103.8544921875,1010.4587666715618,,2025-07-26T06:03:52Z,6.4,0.4,1.4000000000000001,45.0
23.26,7.430849278281325,0.89,92.6,1.2800346612930298,103.8545150756836,1010.4587666715618,,2025-07-26T06:03:52.300000Z,6.6000000000000005,0.0,1.4000000000000001,45.0
23.26,1.2207116482041185,0.89,92.6,1.2801074981689453,103.85462951660156,1010.4587666715618,,2025-07-26T06:03:52.500000Z,6.800000000000001,0.0,1.6,45.0
23.26,1.0528700906344644,0.89,92.6,1.2801072597503662,103.85465240478516,1010.4587666715618,,2025-07-26T06:03:52.800000Z,7.0,0.0,1.8,45.0
23.38,-0.4577039274924239,1.01,92.6,1.2801072597503662,103.85469818115234,1010.4454160714523,,2025-07-26T06:03:53.500000Z,7.2,0.0,1.8,45.0
23.38,-0.9612286002013867,1.01,92.6,1.2801072597503662,103.8547134399414,1010.4454160714523,,2025-07-26T06:03:53.800000Z,7.2,0.0,1.8,45.0
23.26,-1.296911715340695,0.89,92.6,1.2801072597503662,103.854736328125,1010.4587666715618,,2025-07-26T06:03:54Z,7.2,0.0,1.8,45.0
23.26,-1.8004363880496579,0.89,92.6,1.2801072597503662,103.85474395751953,1010.4587666715618,,2025-07-26T06:03:54.300000Z,7.2,0.0,1.8,45.0
23.26,-2.3039610607586205,0.89,92.6,1.2801072597503662,103.85476684570312,1010.4587666715618,,2025-07-26T06:03:54.500000Z,7.2,0.0,1.8,45.0
23.26,-2.8074857334675833,0.89,92.6,1.2801072597503662,103.85477447509766,1010.4587666715618,,2025-07-26T06:03:54.800000Z,7.2,0.0,1.8,45.0
23.38,-3.311010406176546,1.01,92.6,1.2801072597503662,103.85479736328125,1010.4454160714523,,2025-07-26T06:03:55Z,7.2,0.0,1.8,45.0
23.38,-3.6466935213158544,1.01,92.6,1.2800730466842651,103.85480499267578,1010.4454160714523,,2025-07-26T06:03:55.300000Z,7.0,-0.2,1.8,45.0
23.6,-31.004867405169495,1.23,92.6,1.2803363800048828,103.85504150390625,1010.4187148712333,,2025-07-26T06:04:05Z,4.800000000000001,3.6,1.2000000000000002,150.0
23.6,-32.51544142329639,1.23,92.6,1.2802927494049072,103.85498046875,1010.4187148712333,,2025-07-26T06:04:05.300000Z,4.4,2.2,1.4000000000000001,150.0
23.6,-34.19385699899293,1.23,92.6,1.2802685499191284,103.85494232177734,1010.4187148712333,,2025-07-26T06:04:05.500000Z,4.2,1.2000000000000002,1.2000000000000002,150.0
23.6,-34.19385699899293,1.23,92.6,1.280258059501648,103.85490417480469,1010.4187148712333,,2025-07-26T06:04:05.800000Z,3.8000000000000003,0.8,1.2000000000000002,150.0
23.6,-1.968277945619312,1.23,92.6,1.280402660369873,103.85484313964844,1010.4187148712333,,2025-07-26T06:04:06Z,3.6,0.4,0.6000000000000001,150.0
23.6,8.270057066129597,1.23,92.6,1.280447006225586,103.85484313964844,1010.4187148712333,,2025-07-26T06:04:06.300000Z,3.4000000000000004,0.4,0.0,45.0
23.6,15.822927156764038,1.23,92.6,1.2804734706878662,103.85485076904297,1010.4187148712333,,2025-07-26T06:04:06.500000Z,3.2,0.2,-0.4,45.0
23.6,19.683282980866085,1.23,30.0,1.2804875373840332,103.8548583984375,1010.4187148712333,,2025-07-26T06:04:06.800000Z,2.6,0.2,-0.6000000000000001,45.0
23.6,22.033064786841244,1.23,30.0,1.2804936170578003,103.8548583984375,1010.4187148712333,,2025-07-26T06:04:07Z,2.4000000000000004,0.4,-0.8,45.0
23.6,23.543638804968133,1.23,30.0,1.2804969549179077,103.8548583984375,1010.4187148712333,,2025-07-26T06:04:07.300000Z,2.0,0.4,-1.0,45.0
23.6,25.222054380664677,1.23,30.0,1.280498743057251,103.85485076904297,1010.4187148712333,,2025-07-26T06:04:07.500000Z,1.4000000000000001,1.0,-1.2000000000000002,45.0
23.6,26.73262839879156,1.23,30.0,1.2805018424987793,103.85485076904297,1010.4187148712333,,2025-07-26T06:04:07.800000Z,0.8,1.2000000000000002,-1.2000000000000002,45.0
23.6,27.571836186639835,1.23,30.0,1.2805079221725464,103.85485076904297,1010.4187148712333,,2025-07-26T06:04:08Z,1.0,1.2000000000000002,-1.2000000000000002,45.0
23.71,28.24320241691845,1.34,30.0,1.2805119752883911,103.85485076904297,1010.4053642711239,,2025-07-26T06:04:08.300000Z,0.6000000000000001,1.2000000000000002,-1.2000000000000002,45.0
23.71,28.57888553205776,1.34,30.0,1.2805145978927612,103.85485076904297,1010.4053642711239,,2025-07-26T06:04:08.500000Z,0.2,1.2000000000000002,-1.2000000000000002,25.0
23.71,29.082410204766724,1.34,30.0,1.2805180549621582,103.85484313964844,1010.4053642711239,,2025-07-26T06:04:08.800000Z,0.0,1.2000000000000002,-1.2000000000000002,25.0
23.71,29.75377643504534,1.34,30.0,1.2805202007293701,103.85484313964844,1010.4053642711239,,2025-07-26T06:04:09Z,0.2,1.2000000000000002,-1.2000000000000002,25.0
23.6,30.425142665323957,1.23,30.0,1.2805219888687134,103.85484313964844,1010.4187148712333,,2025-07-26T06:04:09.300000Z,0.4,1.0,-1.4000000000000001,25.0
23.6,30.92866733803292,1.23,30.0,1.2805242538452148,103.85484313964844,1010.4187148712333,,2025-07-26T06:04:09.500000Z,0.6000000000000001,1.0,-1.4000000000000001,25.0
23.6,31.600033568311535,1.23,30.0,1.2805267572402954,103.85484313964844,1010.4187148712333,,2025-07-26T06:04:09.800000Z,0.6000000000000001,0.8,-1.4000000000000001,25.0
23.6,31.935716683450845,1.23,30.0,1.2805296182632446,103.85484313964844,1010.4187148712333,,2025-07-26T06:04:10Z,0.6000000000000001,0.8,-1.4000000000000001,25.0
23.6,32.1035582410205,1.23,30.0,1.2805322408676147,103.85485076904297,1010.4187148712333,,2025-07-26T06:04:10.300000Z,0.8,0.8,-1.4000000000000001,25.0
23.6,31.935716683450845,1.23,30.0,1.2805334329605103,103.85485076904297,1010.4187148712333,,2025-07-26T06:04:10.500000Z,1.0,0.8,-1.4000000000000001,25.0
23.6,31.935716683450845,1.23,30.0,1.2805336713790894,103.85485076904297,1010.4187148712333,,2025-07-26T06:04:10.800000Z,1.0,0.6000000000000001,-1.4000000000000001,25.0
23.6,31.76787512588119,1.23,30.0,1.2805343866348267,103.85485076904297,1010.4187148712333,,2025-07-26T06:04:11Z,1.0,0.6000000000000001,-1.4000000000000001,25.0
23.6,31.600033568311535,1.23,30.0,1.280534267425537,103.8548583984375,1010.4187148712333,,2025-07-26T06:04:11.300000Z,1.0,0.6000000000000001,-1.4000000000000001,25.0
23.6,31.600033568311535,1.23,30.0,1.280534267425537,103.8548583984375,1010.4187148712333,,2025-07-26T06:04:11.500000Z,1.0,0.6000000000000001,-1.4000000000000001,25.0
23.6,31.600033568311535,1.23,30.0,1.2805335521697998,103.85486602783203,1010.4187148712333,,2025-07-26T06:04:11.800000Z,1.0,0.4,-1.4000000000000001,25.0
23.6,31.76787512588119,1.23,30.0,1.2805325984954834,103.85486602783203,1010.4187148712333,,2025-07-26T06:04:12Z,1.0,0.4,-1.4000000000000001,25.0
23.6,31.600033568311535,1.23,30.0,1.2805324792861938,103.85487365722656,1010.4187148712333,,2025-07-26T06:04:12.300000Z,1.0,0.4,-1.4000000000000001,25.0
23.6,31.935716683450845,1.23,30.0,1.2805317640304565,103.8548812866211,1010.4187148712333,,2025-07-26T06:04:12.500000Z,1.2000000000000002,0.4,-1.4000000000000001,25.0
23.6,32.27139979859015,1.23,30.0,1.2805315256118774,103.8548812866211,1010.4187148712333,,2025-07-26T06:04:12.800000Z,1.0,0.4,-1.4000000000000001,25.0
23.6,32.439241356159805,1.23,30.0,1.2805310487747192,103.85489654541016,1010.4187148712333,,2025-07-26T06:04:13.300000Z,1.0,0.4,-1.2000000000000002,25.0
23.6,32.439241356159805,1.23,30.0,1.2805302143096924,103.85489654541016,1010.4187148712333,,2025-07-26T06:04:13.500000Z,1.2000000000000002,0.4,-1.2000000000000002,25.0
23.6,32.439241356159805,1.23,30.0,1.2805302143096924,103.85489654541016,1010.4187148712333,,2025-07-26T06:04:13.800000Z,1.2000000000000002,0.4,-1.2000000000000002,25.0
23.6,32.774924471299116,1.23,30.0,1.280530333518982,103.85489654541016,1010.4187148712333,,2025-07-26T06:04:14Z,1.2000000000000002,0.2,-1.2000000000000002,25.0
23.82,32.774924471299116,1.45,30.0,1.2805297374725342,103.85490417480469,1010.3920136710144,,2025-07-26T06:04:14.300000Z,1.2000000000000002,0.0,-1.2000000000000002,25.0
23.82,31.432192010741883,1.45,30.0,1.280522346496582,103.85491180419922,1010.3920136710144,,2025-07-26T06:04:14.500000Z,1.4000000000000001,0.0,-1.0,25.0
23.82,29.921617992614994,1.45,30.0,1.2805155515670776,103.85491943359375,1010.3920136710144,,2025-07-26T06:04:14.800000Z,1.6,0.0,-0.8,25.0
23.82,29.41809331990603,1.45,30.0,1.2805142402648926,103.85492706298828,1010.3920136710144,,2025-07-26T06:04:15Z,1.6,0.0,-0.6000000000000001,25.0
23.71,29.250251762336376,1.34,30.0,1.280512809753418,103.85492706298828,1010.4053642711239,,2025-07-26T06:04:15.300000Z,1.6,0.0,-0.6000000000000001,25.0
23.71,29.41809331990603,1.34,30.0,1.280511498451233,103.85492706298828,1010.4053642711239,,2025-07-26T06:04:15.500000Z,1.6,0.0,-0.6000000000000001,25.0
23.71,29.75377643504534,1.34,30.0,1.2805101871490479,103.85493469238281,1010.4053642711239,,2025-07-26T06:04:15.800000Z,1.6,0.0,-0.6000000000000001,25.0
23.71,29.921617992614994,1.34,30.0,1.2805087566375732,103.85493469238281,1010.4053642711239,,2025-07-26T06:04:16Z,1.6,0.0,-0.8,25.0
23.71,30.08945955018465,1.34,30.0,1.2805076837539673,103.85493469238281,1010.4053642711239,,2025-07-26T06:04:16.300000Z,1.8,0.0,-0.8,25.0
23.71,30.08945955018465,1.34,30.0,1.2805064916610718,103.85494232177734,1010.4053642711239,,2025-07-26T06:04:16.500000Z,1.6,0.0,-0.8,25.0
23.71,30.425142665323957,1.34,30.0,1.2805060148239136,103.85494232177734,1010.4053642711239,,2025-07-26T06:04:16.800000Z,1.6,-0.2,-0.6000000000000001,25.0
23.71,30.2573011077543,1.34,30.0,1.280504822731018,103.85494995117188,1010.4053642711239,,2025-07-26T06:04:17Z,1.4000000000000001,-0.2,-0.6000000000000001,25.0
23.6,32.1035582410205,1.23,30.0,1.2805116176605225,103.85494995117188,1010.4187148712333,,2025-07-26T06:04:17.300000Z,1.4000000000000001,-0.2,-0.6000000000000001,25.0
23.6,32.27139979859015,1.23,30.0,1.2805111408233643,103.8549575805664,1010.4187148712333,,2025-07-26T06:04:17.500000Z,1.2000000000000002,0.0,-0.6000000000000001,25.0
23.6,32.607082913729464,1.23,30.0,1.2805105447769165,103.8549575805664,1010.4187148712333,,2025-07-26T06:04:17.800000Z,1.2000000000000002,0.0,-0.6000000000000001,25.0
23.6,32.1035582410205,1.23,30.0,1.280505657196045,103.85496520996094,1010.4187148712333,,2025-07-26T06:04:18Z,1.2000000000000002,0.0,-0.6000000000000001,25.0
23.6,31.600033568311535,1.23,30.0,1.2805007696151733,103.85497283935547,1010.4187148712333,,2025-07-26T06:04:18.300000Z,1.2000000000000002,0.0,-0.4,25.0
23.6,30.592984222893612,1.23,30.0,1.2804944515228271,103.85497283935547,1010.4187148712333,,2025-07-26T06:04:18.500000Z,1.0,-0.2,-0.4,25.0
23.6,29.41809331990603,1.23,30.0,1.2804887294769287,103.85497283935547,1010.4187148712333,,2025-07-26T06:04:18.800000Z,1.0,-0.4,-0.4,25.0
23.6,28.411043974488106,1.23,30.0,1.2804827690124512,103.85498046875,1010.4187148712333,,2025-07-26T06:04:19Z,1.0,-0.6000000000000001,-0.4,25.0
23.6,27.739677744209487,1.23,30.0,1.280478835105896,103.85498809814453,1010.4187148712333,,2025-07-26T06:04:19.300000Z,0.8,-0.6000000000000001,-0.4,25.0
23.6,27.40399462907018,1.23,30.0,1.2804752588272095,103.85499572753906,1010.4187148712333,,2025-07-26T06:04:19.500000Z,0.8,-0.6000000000000001,-0.6000000000000001,25.0
23.6,27.068311513930873,1.23,30.0,1.2804710865020752,103.8550033569336,1010.4187148712333,,2025-07-26T06:04:19.800000Z,0.8,-0.8,-0.6000000000000001,25.0
23.6,26.56478684122191,1.23,30.0,1.2804677486419678,103.8550033569336,1010.4187148712333,,2025-07-26T06:04:20Z,0.8,-0.6000000000000001,-0.6000000000000001,25.0
23.71,26.2291037260826,1.34,30.0,1.280466079711914,103.85501098632812,1010.4053642711239,,2025-07-26T06:04:20.300000Z,0.8,-0.6000000000000001,-0.4,25.0
23.71,26.061262168512947,1.34,30.0,1.2804638147354126,103.85501098632812,1010.4053642711239,,2025-07-26T06:04:20.500000Z,0.8,-0.6000000000000001,-0.6000000000000001,25.0
23.71,25.72557905337364,1.34,30.0,1.2804596424102783,103.85501098632812,1010.4053642711239,,2025-07-26T06:04:20.800000Z,0.8,-0.6000000000000001,-0.6000000000000001,25.0
23.71,24.886371265525366,1.34,30.0,1.2804534435272217,103.85501861572266,1010.4053642711239,,2025-07-26T06:04:21Z,0.8,-0.6000000000000001,-0.6000000000000001,25.0
23.6,24.21500503524675,1.23,30.0,1.280448317527771,103.85501861572266,1010.4187148712333,,2025-07-26T06:04:21.300000Z,0.8,-0.6000000000000001,-0.4,25.0
23.6,23.543638804968133,1.23,30.0,1.2804456949234009,103.85502624511719,1010.4187148712333,,2025-07-26T06:04:21.500000Z,0.6000000000000001,-0.6000000000000001,-0.4,25.0
23.6,23.04011413225917,1.23,30.0,1.2804431915283203,103.85502624511719,1010.4187148712333,,2025-07-26T06:04:21.800000Z,0.6000000000000001,-0.6000000000000001,-0.4,25.0
23.6,22.536589459550207,1.23,30.0,1.2804410457611084,103.85504150390625,1010.4187148712333,,2025-07-26T06:04:22Z,0.8,-0.6000000000000001,-0.4,25.0
23.71,21.86522322927159,1.34,30.0,1.2804393768310547,103.85504150390625,1010.4053642711239,,2025-07-26T06:04:22.300000Z,0.8,-0.4,-0.4,25.0
23.71,21.361698556562626,1.34,30.0,1.2804372310638428,103.85504913330078,1010.4053642711239,,2025-07-26T06:04:22.500000Z,1.0,-0.4,-0.6000000000000001,25.0
23.71,21.02601544142332,1.34,30.0,1.2804369926452637,103.85505676269531,1010.4053642711239,,2025-07-26T06:04:22.800000Z,1.0,-0.4,-0.6000000000000001,25.0
23.71,20.522490768714356,1.34,30.0,1.280434489250183,103.85506439208984,1010.4053642711239,,2025-07-26T06:04:23Z,1.2000000000000002,-0.4,-0.2,25.0
23.6,20.522490768714356,1.23,30.0,1.2804332971572876,103.85506439208984,1010.4187148712333,,2025-07-26T06:04:23.300000Z,1.2000000000000002,-0.4,-0.2,25.0
23.6,20.018966096005393,1.23,30.0,1.2804299592971802,103.85507202148438,1010.4187148712333,,2025-07-26T06:04:23.500000Z,1.4000000000000001,-0.4,-0.2,25.0
23.6,19.51544142329643,1.23,30.0,1.28042733669281,103.8550796508789,1010.4187148712333,,2025-07-26T06:04:23.800000Z,1.4000000000000001,-0.4,-0.2,25.0
23.6,18.844075193017815,1.23,30.0,1.2804222106933594,103.8550796508789,1010.4187148712333,,2025-07-26T06:04:24Z,1.2000000000000002,-0.4,-0.2,25.0
23.6,18.172708962739197,1.23,30.0,1.2804170846939087,103.8550796508789,1010.4187148712333,,2025-07-26T06:04:24.300000Z,1.0,-0.6000000000000001,-0.2,25.0
23.6,17.669184290030234,1.23,30.0,1.2804113626480103,103.8550796508789,1010.4187148712333,,2025-07-26T06:04:24.500000Z,0.8,-0.6000000000000001,-0.2,25.0
23.6,17.333501174890927,1.23,30.0,1.2804090976715088,103.85508728027344,1010.4187148712333,,2025-07-26T06:04:24.800000Z,0.8,-0.8,-0.2,25.0
23.6,16.997818059751616,1.23,30.0,1.2804075479507446,103.85508728027344,1010.4187148712333,,2025-07-26T06:04:25Z,0.8,-0.8,0.0,25.0
23.6,17.16565961732127,1.23,30.0,1.280405879020691,103.85509490966797,1010.4187148712333,,2025-07-26T06:04:25.300000Z,0.6000000000000001,-0.8,0.0,25.0
23.6,16.829976502181964,1.23,30.0,1.2804025411605835,103.85509490966797,1010.4187148712333,,2025-07-26T06:04:25.500000Z,0.6000000000000001,-0.8,0.0,25.0
23.6,16.66213494461231,1.23,30.0,1.2804005146026611,103.85509490966797,1010.4187148712333,,2025-07-26T06:04:25.800000Z,0.8,-0.8,-0.2,25.0
23.6,16.494293387042653,1.23,30.0,1.2803974151611328,103.8551025390625,1010.4187148712333,,2025-07-26T06:04:26Z,1.0,-0.8,-0.2,25.0
23.6,16.158610271903346,1.23,30.0,1.2803951501846313,103.8551025390625,1010.4187148712333,,2025-07-26T06:04:26.300000Z,1.0,-0.6000000000000001,-0.2,25.0
23.6,15.990768714333692,1.23,30.0,1.2803934812545776,103.8551025390625,1010.4187148712333,,2025-07-26T06:04:26.500000Z,0.8,-0.6000000000000001,0.0,25.0
23.6,15.15156092648542,1.23,30.0,1.2803889513015747,103.8551025390625,1010.4187148712333,,2025-07-26T06:04:26.800000Z,0.8,-0.6000000000000001,0.0,25.0
23.6,14.31235313863715,1.23,30.0,1.2803850173950195,103.8551025390625,1010.4187148712333,,2025-07-26T06:04:27Z,0.6000000000000001,-0.6000000000000001,0.0,25.0
23.6,13.305303793219224,1.23,30.0,1.2803785800933838,103.8551025390625,1010.4187148712333,,2025-07-26T06:04:27.300000Z,0.6000000000000001,-0.8,0.0,25.0
23.6,13.305303793219224,1.23,30.0,1.2803752422332764,103.8551025390625,1010.4187148712333,,2025-07-26T06:04:27.500000Z,0.6000000000000001,-0.8,0.0,25.0
23.6,12.466096005370952,1.23,30.0,1.2803711891174316,103.8551025390625,1010.4187148712333,,2025-07-26T06:04:27.800000Z,0.4,-1.0,0.0,25.0
23.6,11.626888217522682,1.23,30.0,1.280367136001587,103.8551025390625,1010.4187148712333,,2025-07-26T06:04:28Z,0.2,-1.0,0.0,25.0
23.6,11.459046659953028,1.23,30.0,1.2803632020950317,103.8551025390625,1010.4187148712333,,2025-07-26T06:04:28.300000Z,0.2,-1.0,0.0,25.0
23.6,11.291205102383373,1.23,30.0,1.2803590297698975,103.8551025390625,1010.4187148712333,,2025-07-26T06:04:28.500000Z,0.0,-1.0,0.0,25.0
23.6,11.626888217522682,1.23,30.0,1.2803590297698975,103.85511016845703,1010.4187148712333,,2025-07-26T06:04:28.800000Z,0.0,-1.2000000000000002,-0.2,25.0
23.6,11.626888217522682,1.23,30.0,1.2803568840026855,103.85511779785156,1010.4187148712333,,2025-07-26T06:04:29Z,0.4,-1.2000000000000002,0.0,25.0
23.6,11.459046659953028,1.23,30.0,1.2803534269332886,103.8551254272461,1010.4187148712333,,2025-07-26T06:04:29.300000Z,0.6000000000000001,-1.2000000000000002,0.0,25.0
23.6,11.291205102383373,1.23,30.0,1.2803517580032349,103.8551254272461,1010.4187148712333,,2025-07-26T06:04:29.500000Z,0.8,-1.2000000000000002,0.0,25.0
23.6,10.955521987244065,1.23,30.0,1.2803504467010498,103.8551254272461,1010.4187148712333,,2025-07-26T06:04:29.800000Z,0.8,-1.0,0.0,25.0
23.6,10.78768042967441,1.23,30.0,1.280350685119629,103.85513305664062,1010.4187148712333,,2025-07-26T06:04:30Z,0.8,-0.8,0.0,25.0
23.6,10.619838872104756,1.23,30.0,1.2803490161895752,103.85513305664062,1010.4187148712333,,2025-07-26T06:04:30.300000Z,1.0,-0.8,0.0,25.0
23.6,10.619838872104756,1.23,30.0,1.2803491353988647,103.85513305664062,1010.4187148712333,,2025-07-26T06:04:30.500000Z,1.0,-0.6000000000000001,0.0,25.0
23.6,10.619838872104756,1.23,30.0,1.2803486585617065,103.85514068603516,1010.4187148712333,,2025-07-26T06:04:30.800000Z,0.8,-0.4,0.0,25.0
23.6,10.78768042967441,1.23,30.0,1.280348777770996,103.85514068603516,1010.4187148712333,,2025-07-26T06:04:31Z,0.8,-0.2,0.0,25.0
23.6,10.78768042967441,1.23,30.0,1.2803488969802856,103.85514831542969,1010.4187148712333,,2025-07-26T06:04:31.300000Z,0.8,-0.2,0.0,25.0
23.6,10.78768042967441,1.23,30.0,1.280347466468811,103.85514831542969,1010.4187148712333,,2025-07-26T06:04:31.500000Z,0.8,-0.2,0.0,25.0
23.6,10.619838872104756,1.23,30.0,1.2803467512130737,103.85515594482422,1010.4187148712333,,2025-07-26T06:04:31.800000Z,0.8,-0.2,0.0,25.0
23.6,10.619838872104756,1.23,30.0,1.280346393585205,103.85515594482422,1010.4187148712333,,2025-07-26T06:04:32Z,0.8,0.0,0.0,25.0
23.6,11.291205102383373,1.23,30.0,1.2803491353988647,103.85515594482422,1010.4187148712333,,2025-07-26T06:04:32.300000Z,0.6000000000000001,0.0,0.0,25.0
23.6,11.626888217522682,1.23,30.0,1.280349850654602,103.85516357421875,1010.4187148712333,,2025-07-26T06:04:32.500000Z,0.4,0.0,0.0,25.0
23.6,12.466096005370952,1.23,30.0,1.2803517580032349,103.85516357421875,1010.4187148712333,,2025-07-26T06:04:32.800000Z,0.4,0.0,0.0,25.0
23.6,12.633937562940607,1.23,30.0,1.2803504467010498,103.85517120361328,1010.4187148712333,,2025-07-26T06:04:33Z,0.6000000000000001,0.0,0.0,25.0
23.6,12.801779120510261,1.23,30.0,1.2803500890731812,103.85517120361328,1010.4187148712333,,2025-07-26T06:04:33.300000Z,0.6000000000000001,0.0,0.0,25.0
23.6,12.969620678079915,1.23,30.0,1.2803504467010498,103.85517120361328,1010.4187148712333,,2025-07-26T06:04:33.500000Z,0.6000000000000001,0.0,0.0,25.0
23.6,12.801779120510261,1.23,30.0,1.2803499698638916,103.85517883300781,1010.4187148712333,,2025-07-26T06:04:33.800000Z,0.6000000000000001,0.0,0.0,25.0
23.6,13.13746223564957,1.23,30.0,1.2803499698638916,103.85518646240234,1010.4187148712333,,2025-07-26T06:04:34Z,0.8,0.0,0.0,25.0
23.49,12.969620678079915,1.12,30.0,1.2803492546081543,103.85519409179688,1010.4320654713429,,2025-07-26T06:04:34.300000Z,0.8,0.0,0.0,25.0
23.49,13.305303793219224,1.12,30.0,1.2803493738174438,103.85519409179688,1010.4320654713429,,2025-07-26T06:04:34.500000Z,1.0,0.0,-0.2,25.0
23.49,13.640986908358533,1.12,30.0,1.280351996421814,103.85520935058594,1010.4320654713429,,2025-07-26T06:04:34.800000Z,1.0,0.0,-0.2,25.0
23.49,14.31235313863715,1.12,10.0,1.2803541421890259,103.85520935058594,1010.4320654713429,,2025-07-26T06:04:35Z,1.0,0.0,-0.2,25.0
23.6,14.815877811346112,1.23,10.0,1.2803562879562378,103.85520935058594,1010.4187148712333,,2025-07-26T06:04:35.300000Z,1.0,0.0,-0.2,25.0
23.6,15.15156092648542,1.23,10.0,1.2803566455841064,103.85521697998047,1010.4187148712333,,2025-07-26T06:04:35.500000Z,1.0,-0.2,-0.2,25.0
23.6,15.822927156764038,1.23,10.0,1.280359148979187,103.855224609375,1010.4187148712333,,2025-07-26T06:04:35.800000Z,1.0,-0.2,-0.2,25.0
23.6,15.655085599194383,1.23,10.0,1.2803590297698975,103.85523223876953,1010.4187148712333,,2025-07-26T06:04:36Z,1.0,-0.2,-0.2,25.0
23.6,15.487244041624729,1.23,10.0,1.280358910560608,103.85523986816406,1010.4187148712333,,2025-07-26T06:04:36.300000Z,1.0,-0.2,-0.2,25.0
23.6,14.983719368915766,1.23,10.0,1.2803575992584229,103.85523986816406,1010.4187148712333,,2025-07-26T06:04:36.500000Z,0.8,0.0,-0.2,25.0
23.6,14.983719368915766,1.23,10.0,1.280356764793396,103.8552474975586,1010.4187148712333,,2025-07-26T06:04:36.800000Z,0.8,-0.2,-0.2,25.0
23.6,14.983719368915766,1.23,10.0,1.2803566455841064,103.8552474975586,1010.4187148712333,,2025-07-26T06:04:37Z,0.8,-0.2,-0.2,25.0
23.6,15.655085599194383,1.23,10.0,1.280356526374817,103.85525512695312,1010.4187148712333,,2025-07-26T06:04:37.300000Z,1.0,-0.2,-0.4,25.0
23.6,15.822927156764038,1.23,10.0,1.2803561687469482,103.85526275634766,1010.4187148712333,,2025-07-26T06:04:37.500000Z,1.2000000000000002,-0.4,-0.4,25.0
23.6,16.326451829473,1.23,10.0,1.280355453491211,103.85527038574219,1010.4187148712333,,2025-07-26T06:04:37.800000Z,1.2000000000000002,-0.4,-0.4,25.0
23.6,16.829976502181964,1.23,10.0,1.2803568840026855,103.85527801513672,1010.4187148712333,,2025-07-26T06:04:38Z,1.4000000000000001,-0.4,-0.6000000000000001,25.0
23.6,17.333501174890927,1.23,10.0,1.28035569190979,103.85528564453125,1010.4187148712333,,2025-07-26T06:04:38.300000Z,1.4000000000000001,-0.4,-0.6000000000000001,25.0
23.6,17.83702584759989,1.23,10.0,1.28035569190979,103.85529327392578,1010.4187148712333,,2025-07-26T06:04:38.500000Z,1.4000000000000001,-0.4,-0.6000000000000001,25.0
23.6,18.172708962739197,1.23,10.0,1.280355453491211,103.85529327392578,1010.4187148712333,,2025-07-26T06:04:38.800000Z,1.4000000000000001,-0.4,-0.8,25.0
23.6,18.340550520308852,1.23,10.0,1.2803542613983154,103.85529327392578,1010.4187148712333,,2025-07-26T06:04:39Z,1.6,-0.4,-0.8,25.0
23.6,18.508392077878504,1.23,10.0,1.2803537845611572,103.85530090332031,1010.4187148712333,,2025-07-26T06:04:39.300000Z,1.4000000000000001,-0.4,-0.8,25.0
23.6,18.67623363544816,1.23,10.0,1.280352234840393,103.85530090332031,1010.4187148712333,,2025-07-26T06:04:39.500000Z,1.4000000000000001,-0.4,-0.8,25.0
23.6,18.340550520308852,1.23,10.0,1.2803493738174438,103.85530853271484,1010.4187148712333,,2025-07-26T06:04:39.800000Z,1.4000000000000001,-0.4,-0.6000000000000001,25.0
23.6,18.844075193017815,1.23,10.0,1.2803494930267334,103.85530853271484,1010.4187148712333,,2025-07-26T06:04:40Z,1.2000000000000002,-0.4,-0.8,25.0
23.71,19.85112453843574,1.34,10.0,1.280348777770996,103.85531616210938,1010.4053642711239,,2025-07-26T06:04:40.300000Z,1.2000000000000002,-0.4,-0.8,25.0
23.71,20.018966096005393,1.34,10.0,1.2803469896316528,103.8553237915039,1010.4053642711239,,2025-07-26T06:04:40.500000Z,1.4000000000000001,-0.6000000000000001,-0.8,25.0
23.71,20.018966096005393,1.34,10.0,1.2803467512130737,103.8553237915039,1010.4053642711239,,2025-07-26T06:04:40.800000Z,1.4000000000000001,-0.4,-0.8,25.0
23.71,20.018966096005393,1.34,10.0,1.2803436517715454,103.85533142089844,1010.4053642711239,,2025-07-26T06:04:41Z,1.4000000000000001,-0.4,-0.8,25.0
23.71,19.51544142329643,1.34,10.0,1.2803407907485962,103.85533142089844,1010.4053642711239,,2025-07-26T06:04:41.300000Z,1.2000000000000002,-0.4,-0.8,25.0
23.71,19.179758308157123,1.34,10.0,1.2803386449813843,103.85533142089844,1010.4053642711239,,2025-07-26T06:04:41.500000Z,1.2000000000000002,-0.4,-0.6000000000000001,25.0
23.71,19.347599865726778,1.34,10.0,1.2803386449813843,103.85533142089844,1010.4053642711239,,2025-07-26T06:04:41.800000Z,1.0,-0.4,-0.6000000000000001,25.0
23.71,19.51544142329643,1.34,10.0,1.2803388833999634,103.85533142089844,1010.4053642711239,,2025-07-26T06:04:42Z,0.8,-0.4,-0.4,25.0
23.93,20.018966096005393,1.56,10.0,1.2803397178649902,103.85533142089844,1010.378663070905,,2025-07-26T06:04:42.300000Z,0.8,-0.2,-0.4,25.0
23.93,20.018966096005393,1.56,10.0,1.2803387641906738,103.85533142089844,1010.378663070905,,2025-07-26T06:04:42.500000Z,0.6000000000000001,-0.2,-0.4,25.0
23.93,20.18680765357505,1.56,10.0,1.2803391218185425,103.85533142089844,1010.378663070905,,2025-07-26T06:04:42.800000Z,0.6000000000000001,-0.2,-0.4,25.0
23.93,19.683282980866085,1.56,10.0,1.2803399562835693,103.85533142089844,1010.378663070905,,2025-07-26T06:04:43Z,0.4,-0.2,-0.2,25.0
23.71,20.18680765357505,1.34,10.0,1.280341386795044,103.85533142089844,1010.4053642711239,,2025-07-26T06:04:43.300000Z,0.4,0.0,-0.2,25.0
23.71,20.18680765357505,1.34,10.0,1.2803417444229126,103.85533142089844,1010.4053642711239,,2025-07-26T06:04:43.500000Z,0.4,0.0,-0.2,25.0
23.71,20.354649211144704,1.34,10.0,1.2803412675857544,103.85533905029297,1010.4053642711239,,2025-07-26T06:04:43.800000Z,0.6000000000000001,-0.2,-0.4,25.0
23.71,20.018966096005393,1.34,10.0,1.2803401947021484,103.85533905029297,1010.4053642711239,,2025-07-26T06:04:44Z,0.8,-0.2,-0.4,25.0
23.93,19.683282980866085,1.56,10.0,1.2803397178649902,103.8553466796875,1010.378663070905,,2025-07-26T06:04:44.300000Z,1.0,-0.2,-0.4,25.0
23.93,20.018966096005393,1.56,10.0,1.2803391218185425,103.8553466796875,1010.378663070905,,2025-07-26T06:04:44.500000Z,1.2000000000000002,0.0,-0.4,25.0
23.93,19.85112453843574,1.56,10.0,1.2803376913070679,103.85535430908203,1010.378663070905,,2025-07-26T06:04:44.800000Z,1.4000000000000001,-0.2,-0.2,25.0
23.82,19.51544142329643,1.45,10.0,1.2803353071212769,103.8553695678711,1010.3920136710144,,2025-07-26T06:04:45.300000Z,1.8,-0.2,-0.2,25.0
23.82,16.66213494461231,1.45,10.0,1.2803231477737427,103.8553695678711,1010.3920136710144,,2025-07-26T06:04:45.800000Z,1.4000000000000001,-0.2,-0.2,25.0
23.82,12.969620678079915,1.45,10.0,1.2803065776824951,103.8553695678711,1010.3920136710144,,2025-07-26T06:04:46.500000Z,0.6000000000000001,-0.6000000000000001,0.0,25.0
23.82,11.96257133266199,1.45,10.0,1.2803006172180176,103.85536193847656,1010.3920136710144,,2025-07-26T06:04:46.800000Z,0.2,-0.6000000000000001,0.0,25.0
23.82,12.130412890231645,1.45,10.0,1.2803009748458862,103.8553695678711,1010.3920136710144,,2025-07-26T06:04:47Z,0.2,-0.6000000000000001,0.0,25.0
23.82,11.794729775092335,1.45,10.0,1.280300498008728,103.8553695678711,1010.3920136710144,,2025-07-26T06:04:47.300000Z,0.2,-0.6000000000000001,0.0,25.0
23.82,11.626888217522682,1.45,10.0,1.280300498008728,103.8553695678711,1010.3920136710144,,2025-07-26T06:04:47.500000Z,0.2,-0.6000000000000001,0.0,25.0
23.82,12.298254447801298,1.45,10.0,1.2802996635437012,103.8553695678711,1010.3920136710144,,2025-07-26T06:04:47.800000Z,0.2,-0.8,0.0,25.0
23.93,12.969620678079915,1.56,10.0,1.2802993059158325,103.8553695678711,1010.378663070905,,2025-07-26T06:04:48.300000Z,0.2,-0.8,0.0,25.0
23.93,13.640986908358533,1.56,10.0,1.280297040939331,103.8553695678711,1010.378663070905,,2025-07-26T06:04:48.500000Z,0.2,-0.8,-0.2,25.0
23.93,13.808828465928187,1.56,10.0,1.2802960872650146,103.8553695678711,1010.378663070905,,2025-07-26T06:04:48.800000Z,0.2,-0.8,-0.2,25.0
23.93,13.97667002349784,1.56,10.0,1.2802952527999878,103.85537719726562,1010.378663070905,,2025-07-26T06:04:49Z,0.4,-1.0,-0.2,25.0
23.93,13.97667002349784,1.56,10.0,1.2802942991256714,103.85537719726562,1010.378663070905,,2025-07-26T06:04:49.300000Z,0.4,-1.0,-0.2,25.0
23.93,14.144511581067496,1.56,10.0,1.280294418334961,103.85538482666016,1010.378663070905,,2025-07-26T06:04:49.500000Z,0.6000000000000001,-1.0,-0.2,25.0
23.93,14.31235313863715,1.56,10.0,1.2802966833114624,103.85539245605469,1010.378663070905,,2025-07-26T06:04:49.800000Z,0.8,-0.8,-0.2,25.0
23.93,15.15156092648542,1.56,10.0,1.2803006172180176,103.85540008544922,1010.378663070905,,2025-07-26T06:04:50Z,1.0,-0.6000000000000001,-0.4,25.0
24.04,14.815877811346112,1.67,10.0,1.2802989482879639,103.85540008544922,1010.3653124707954,,2025-07-26T06:04:50.300000Z,1.0,-0.4,-0.4,25.0
24.04,14.31235313863715,1.67,10.0,1.2802966833114624,103.85540008544922,1010.3653124707954,,2025-07-26T06:04:50.500000Z,1.0,-0.4,-0.4,25.0
24.04,13.97667002349784,1.67,10.0,1.2802948951721191,103.85540771484375,1010.3653124707954,,2025-07-26T06:04:50.800000Z,1.0,-0.2,-0.4,25.0
24.04,14.31235313863715,1.67,10.0,1.2802952527999878,103.85540771484375,1010.3653124707954,,2025-07-26T06:04:51Z,1.0,-0.2,-0.4,25.0
23.93,14.648036253776457,1.56,10.0,1.2802965641021729,103.85540771484375,1010.378663070905,,2025-07-26T06:04:51.300000Z,1.0,-0.2,-0.6000000000000001,25.0
23.93,14.648036253776457,1.56,10.0,1.280295729637146,103.85541534423828,1010.378663070905,,2025-07-26T06:04:51.500000Z,1.0,-0.2,-0.4,25.0
23.93,15.15156092648542,1.56,10.0,1.280297040939331,103.85541534423828,1010.378663070905,,2025-07-26T06:04:51.800000Z,1.0,-0.2,-0.6000000000000001,25.0
23.93,15.822927156764038,1.56,10.0,1.280297875404358,103.85542297363281,1010.378663070905,,2025-07-26T06:04:52Z,1.2000000000000002,-0.2,-0.6000000000000001,25.0
24.04,16.494293387042653,1.67,10.0,1.2802973985671997,103.85543060302734,1010.3653124707954,,2025-07-26T06:04:52.300000Z,1.4000000000000001,-0.4,-0.6000000000000001,25.0
24.04,16.66213494461231,1.67,10.0,1.2802964448928833,103.85543823242188,1010.3653124707954,,2025-07-26T06:04:52.500000Z,1.4000000000000001,-0.4,-0.8,25.0
24.04,17.16565961732127,1.67,10.0,1.2802947759628296,103.8554458618164,1010.3653124707954,,2025-07-26T06:04:52.800000Z,1.4000000000000001,-0.4,-1.0,25.0
24.04,17.16565961732127,1.67,10.0,1.2802939414978027,103.8554458618164,1010.3653124707954,,2025-07-26T06:04:53Z,1.4000000000000001,-0.4,-1.0,25.0
23.93,17.50134273246058,1.56,10.0,1.2802927494049072,103.8554458618164,1010.378663070905,,2025-07-26T06:04:53.300000Z,1.4000000000000001,-0.4,-1.0,25.0
23.93,17.16565961732127,1.56,10.0,1.280290126800537,103.8554458618164,1010.378663070905,,2025-07-26T06:04:53.500000Z,1.4000000000000001,-0.4,-1.0,25.0
23.93,17.16565961732127,1.56,10.0,1.2802879810333252,103.85545349121094,1010.378663070905,,2025-07-26T06:04:53.800000Z,1.2000000000000002,-0.4,-1.0,25.0
23.93,17.83702584759989,1.56,10.0,1.2802889347076416,103.85546112060547,1010.378663070905,,2025-07-26T06:04:54Z,1.2000000000000002,-0.4,-1.0,25.0
23.93,18.508392077878504,1.56,10.0,1.2802900075912476,103.85546112060547,1010.378663070905,,2025-07-26T06:04:54.300000Z,1.2000000000000002,-0.6000000000000001,-1.0,25.0
23.93,19.011916750587467,1.56,10.0,1.2802907228469849,103.85546875,1010.378663070905,,2025-07-26T06:04:54.500000Z,1.2000000000000002,-0.4,-1.0,25.0
23.93,19.683282980866085,1.56,10.0,1.2802900075912476,103.85546875,1010.378663070905,,2025-07-26T06:04:54.800000Z,1.2000000000000002,-0.6000000000000001,-0.8,25.0
23.93,19.85112453843574,1.56,10.0,1.2802902460098267,103.85547637939453,1010.378663070905,,2025-07-26T06:04:55Z,1.2000000000000002,-0.6000000000000001,-0.8,25.0
23.93,20.018966096005393,1.56,10.0,1.2802895307540894,103.85548400878906,1010.378663070905,,2025-07-26T06:04:55.300000Z,1.2000000000000002,-0.6000000000000001,-0.8,25.0
23.93,20.18680765357505,1.56,10.0,1.280289649963379,103.85548400878906,1010.378663070905,,2025-07-26T06:04:55.500000Z,1.4000000000000001,-0.6000000000000001,-0.6000000000000001,25.0
23.93,20.69033232628401,1.56,10.0,1.2802890539169312,103.8554916381836,1010.378663070905,,2025-07-26T06:04:55.800000Z,1.4000000000000001,-0.6000000000000001,-0.6000000000000001,25.0
23.93,21.02601544142332,1.56,10.0,1.280287742614746,103.8554916381836,1010.378663070905,,2025-07-26T06:04:56Z,1.4000000000000001,-0.6000000000000001,-0.8,25.0
23.71,21.02601544142332,1.34,10.0,1.280286431312561,103.8554916381836,1010.4053642711239,,2025-07-26T06:04:56.300000Z,1.2000000000000002,-0.6000000000000001,-0.8,25.0
23.71,21.02601544142332,1.34,10.0,1.2802863121032715,103.8554916381836,1010.4053642711239,,2025-07-26T06:04:56.500000Z,1.2000000000000002,-0.4,-0.6000000000000001,25.0
23.71,21.193856998992974,1.34,10.0,1.2802857160568237,103.85549926757812,1010.4053642711239,,2025-07-26T06:04:56.800000Z,1.2000000000000002,-0.6000000000000001,-0.6000000000000001,25.0
23.71,21.697381671701937,1.34,10.0,1.2802867889404297,103.85550689697266,1010.4053642711239,,2025-07-26T06:04:57Z,1.4000000000000001,-0.6000000000000001,-0.6000000000000001,25.0
24.16,21.697381671701937,1.79,10.0,1.2802881002426147,103.85551452636719,1010.351961870686,,2025-07-26T06:04:57.300000Z,1.4000000000000001,-0.4,-0.4,25.0
24.16,22.033064786841244,1.79,10.0,1.2802890539169312,103.85551452636719,1010.351961870686,,2025-07-26T06:04:57.500000Z,1.2000000000000002,-0.4,-0.4,25.0
24.16,22.704431017119862,1.79,10.0,1.280289649963379,103.85552215576172,1010.351961870686,,2025-07-26T06:04:57.800000Z,1.4000000000000001,-0.4,-0.4,25.0
24.16,23.04011413225917,1.79,10.0,1.280289649963379,103.85552978515625,1010.351961870686,,2025-07-26T06:04:58Z,1.4000000000000001,-0.4,-0.4,25.0
23.82,23.375797247398477,1.45,10.0,1.280289649963379,103.85552978515625,1010.3920136710144,,2025-07-26T06:04:58.300000Z,1.2000000000000002,-0.2,-0.6000000000000001,25.0
23.82,23.543638804968133,1.45,10.0,1.280287742614746,103.85552978515625,1010.3920136710144,,2025-07-26T06:04:58.500000Z,1.2000000000000002,-0.2,-0.6000000000000001,25.0
23.82,23.207955689828825,1.45,10.0,1.280285358428955,103.85552978515625,1010.3920136710144,,2025-07-26T06:04:58.800000Z,1.2000000000000002,-0.2,-0.6000000000000001,25.0
23.82,23.04011413225917,1.45,10.0,1.2802834510803223,103.85552978515625,1010.3920136710144,,2025-07-26T06:04:59Z,1.0,-0.2,-0.6000000000000001,25.0
23.93,23.207955689828825,1.56,10.0,1.2802817821502686,103.85552978515625,1010.378663070905,,2025-07-26T06:04:59.300000Z,1.0,-0.2,-0.6000000000000001,25.0
23.93,22.872272574689514,1.56,10.0,1.2802808284759521,103.85552978515625,1010.378663070905,,2025-07-26T06:04:59.500000Z,1.2000000000000002,-0.4,-0.6000000000000001,25.0
23.93,23.207955689828825,1.56,10.0,1.2802797555923462,103.85553741455078,1010.378663070905,,2025-07-26T06:04:59.800000Z,1.2000000000000002,-0.4,-0.6000000000000001,25.0
23.93,22.872272574689514,1.56,10.0,1.2802776098251343,103.85553741455078,1010.378663070905,,2025-07-26T06:05:00Z,1.2000000000000002,-0.4,-0.6000000000000001,25.0
23.93,23.04011413225917,1.56,10.0,1.2802757024765015,103.85554504394531,1010.378663070905,,2025-07-26T06:05:00.300000Z,1.0,-0.4,-0.6000000000000001,25.0
23.93,22.704431017119862,1.56,10.0,1.2802739143371582,103.85554504394531,1010.378663070905,,2025-07-26T06:05:00.500000Z,1.0,-0.4,-0.6000000000000001,25.0
23.93,22.536589459550207,1.56,10.0,1.2802715301513672,103.85554504394531,1010.378663070905,,2025-07-26T06:05:00.800000Z,1.0,-0.6000000000000001,-0.6000000000000001,25.0
23.93,22.033064786841244,1.56,10.0,1.2802691459655762,103.85554504394531,1010.378663070905,,2025-07-26T06:05:01Z,0.8,-0.6000000000000001,-0.6000000000000001,25.0
23.93,21.52954011413228,1.56,10.0,1.2802664041519165,103.85555267333984,1010.378663070905,,2025-07-26T06:05:01.300000Z,1.0,-0.6000000000000001,-0.4,25.0
23.93,21.02601544142332,1.56,10.0,1.280263066291809,103.85555267333984,1010.378663070905,,2025-07-26T06:05:01.500000Z,1.0,-0.6000000000000001,-0.2,25.0
23.93,20.858173883853663,1.56,10.0,1.2802600860595703,103.85555267333984,1010.378663070905,,2025-07-26T06:05:01.800000Z,1.2000000000000002,-0.6000000000000001,-0.2,25.0
23.93,20.522490768714356,1.56,10.0,1.2802561521530151,103.85555267333984,1010.378663070905,,2025-07-26T06:05:02Z,1.0,-0.8,-0.2,25.0
23.82,20.522490768714356,1.45,10.0,1.2802542448043823,103.85555267333984,1010.3920136710144,,2025-07-26T06:05:02.300000Z,0.8,-0.8,-0.2,25.0
23.82,20.354649211144704,1.45,10.0,1.2802518606185913,103.85556030273438,1010.3920136710144,,2025-07-26T06:05:02.500000Z,0.8,-0.8,-0.2,25.0
23.82,20.18680765357505,1.45,10.0,1.2802495956420898,103.85556030273438,1010.3920136710144,,2025-07-26T06:05:02.800000Z,0.6000000000000001,-0.8,-0.2,25.0
23.82,19.85112453843574,1.45,10.0,1.2802459001541138,103.85556030273438,1010.3920136710144,,2025-07-26T06:05:03Z,0.6000000000000001,-1.0,0.0,25.0
23.82,19.85112453843574,1.45,10.0,1.2802433967590332,103.85556030273438,1010.3920136710144,,2025-07-26T06:05:03.300000Z,0.6000000000000001,-1.0,0.0,25.0
23.82,19.51544142329643,1.45,10.0,1.2802419662475586,103.8555679321289,1010.3920136710144,,2025-07-26T06:05:03.500000Z,0.6000000000000001,-0.8,0.0,25.0
23.82,19.347599865726778,1.45,10.0,1.2802399396896362,103.8555679321289,1010.3920136710144,,2025-07-26T06:05:03.800000Z,0.6000000000000001,-1.0,0.0,25.0
23.82,19.179758308157123,1.45,10.0,1.2802376747131348,103.8555679321289,1010.3920136710144,,2025-07-26T06:05:04Z,0.6000000000000001,-0.8,0.0,25.0
24.04,19.179758308157123,1.67,10.0,1.280236005783081,103.8555679321289,1010.3653124707954,,2025-07-26T06:05:04.300000Z,0.6000000000000001,-0.8,0.0,25.0
24.04,19.011916750587467,1.67,10.0,1.2802335023880005,103.8555679321289,1010.3653124707954,,2025-07-26T06:05:04.500000Z,0.6000000000000001,-0.8,0.0,25.0
24.04,18.844075193017815,1.67,30.0,1.2802311182022095,103.85557556152344,1010.3653124707954,,2025-07-26T06:05:04.800000Z,0.8,-0.8,0.0,25.0
24.04,19.179758308157123,1.67,30.0,1.2802313566207886,103.85557556152344,1010.3653124707954,,2025-07-26T06:05:05Z,0.8,-0.8,0.0,25.0
23.93,19.179758308157123,1.56,30.0,1.2802295684814453,103.85557556152344,1010.378663070905,,2025-07-26T06:05:05.300000Z,0.6000000000000001,-0.8,0.0,25.0
23.93,19.011916750587467,1.56,30.0,1.2802287340164185,103.85558319091797,1010.378663070905,,2025-07-26T06:05:05.500000Z,0.8,-0.6000000000000001,0.0,25.0
23.93,19.011916750587467,1.56,30.0,1.2802263498306274,103.85558319091797,1010.378663070905,,2025-07-26T06:05:05.800000Z,0.8,-0.6000000000000001,0.0,25.0
23.93,18.844075193017815,1.56,30.0,1.2802248001098633,103.8555908203125,1010.378663070905,,2025-07-26T06:05:06Z,0.8,-0.6000000000000001,0.0,25.0
23.82,18.844075193017815,1.45,30.0,1.2802225351333618,103.8555908203125,1010.3920136710144,,2025-07-26T06:05:06.300000Z,0.8,-0.6000000000000001,0.0,25.0
23.82,18.172708962739197,1.45,30.0,1.280219554901123,103.85559844970703,1010.3920136710144,,2025-07-26T06:05:06.500000Z,1.0,-0.6000000000000001,0.0,25.0
23.82,18.340550520308852,1.45,30.0,1.2802190780639648,103.85559844970703,1010.3920136710144,,2025-07-26T06:05:06.800000Z,0.8,-0.6000000000000001,0.0,25.0
23.82,18.508392077878504,1.45,30.0,1.280218243598938,103.85559844970703,1010.3920136710144,,2025-07-26T06:05:07Z,0.8,-0.4,0.0,25.0
23.93,18.508392077878504,1.56,30.0,1.2802172899246216,103.85559844970703,1010.378663070905,,2025-07-26T06:05:07.300000Z,0.6000000000000001,-0.4,0.0,25.0
23.93,18.340550520308852,1.56,30.0,1.2802175283432007,103.85560607910156,1010.378663070905,,2025-07-26T06:05:07.500000Z,0.8,-0.4,0.0,25.0
23.93,18.340550520308852,1.56,30.0,1.2802150249481201,103.85560607910156,1010.378663070905,,2025-07-26T06:05:07.800000Z,0.8,-0.4,0.0,25.0
23.93,18.340550520308852,1.56,30.0,1.2802133560180664,103.85560607910156,1010.378663070905,,2025-07-26T06:05:08Z,0.8,-0.4,0.0,25.0
24.6,18.508392077878504,2.23,30.0,1.28021240234375,103.8556137084961,1010.298559470248,,2025-07-26T06:05:08.300000Z,0.8,-0.4,0.0,25.0
24.6,19.347599865726778,2.23,10.0,1.280214786529541,103.85562133789062,1010.298559470248,,2025-07-26T06:05:08.500000Z,0.8,-0.4,0.0,25.0
24.6,19.011916750587467,2.23,10.0,1.2802116870880127,103.85562133789062,1010.298559470248,,2025-07-26T06:05:08.800000Z,0.8,-0.4,0.0,25.0
24.6,19.011916750587467,2.23,10.0,1.2802090644836426,103.85562133789062,1010.298559470248,,2025-07-26T06:05:09Z,0.8,-0.4,0.0,25.0
24.04,18.844075193017815,1.67,10.0,1.2802082300186157,103.85562896728516,1010.3653124707954,,2025-07-26T06:05:09.300000Z,0.8,-0.4,0.0,25.0
24.04,18.844075193017815,1.67,10.0,1.2802071571350098,103.85562896728516,1010.3653124707954,,2025-07-26T06:05:09.500000Z,0.8,-0.4,0.0,25.0
24.04,19.011916750587467,1.67,10.0,1.2802056074142456,103.85563659667969,1010.3653124707954,,2025-07-26T06:05:09.800000Z,1.0,-0.4,0.0,25.0
24.04,19.179758308157123,1.67,10.0,1.2802045345306396,103.85563659667969,1010.3653124707954,,2025-07-26T06:05:10Z,1.0,-0.4,0.0,25.0
23.49,19.011916750587467,1.12,10.0,1.28020179271698,103.85564422607422,1010.4320654713429,,2025-07-26T06:05:10.300000Z,1.0,-0.4,0.0,25.0
23.49,19.179758308157123,1.12,10.0,1.2802015542984009,103.85564422607422,1010.4320654713429,,2025-07-26T06:05:10.500000Z,1.0,-0.4,0.0,25.0
23.49,19.51544142329643,1.12,10.0,1.2802006006240845,103.85564422607422,1010.4320654713429,,2025-07-26T06:05:10.800000Z,1.0,-0.4,0.0,25.0
23.49,19.347599865726778,1.12,10.0,1.280198574066162,103.85564422607422,1010.4320654713429,,2025-07-26T06:05:11Z,1.0,-0.4,0.0,25.0
23.82,19.683282980866085,1.45,10.0,1.280198097229004,103.85565185546875,1010.3920136710144,,2025-07-26T06:05:11.300000Z,1.0,-0.6000000000000001,0.0,25.0
23.82,19.683282980866085,1.45,10.0,1.2801973819732666,103.85565185546875,1010.3920136710144,,2025-07-26T06:05:11.500000Z,1.0,-0.4,0.0,25.0
23.82,19.85112453843574,1.45,10.0,1.2801966667175293,103.85565948486328,1010.3920136710144,,2025-07-26T06:05:11.800000Z,1.0,-0.4,0.0,25.0
23.82,19.683282980866085,1.45,10.0,1.2801940441131592,103.85565948486328,1010.3920136710144,,2025-07-26T06:05:12Z,1.0,-0.4,0.0,25.0
23.82,19.179758308157123,1.45,10.0,1.2801910638809204,103.85565948486328,1010.3920136710144,,2025-07-26T06:05:12.300000Z,1.0,-0.6000000000000001,0.0,25.0
23.82,18.67623363544816,1.45,10.0,1.2801884412765503,103.85565948486328,1010.3920136710144,,2025-07-26T06:05:12.500000Z,1.0,-0.4,0.0,25.0
23.82,18.00486740516954,1.45,10.0,1.2801841497421265,103.85566711425781,1010.3920136710144,,2025-07-26T06:05:12.800000Z,1.0,-0.4,0.0,25.0
23.82,17.333501174890927,1.45,10.0,1.28018057346344,103.85566711425781,1010.3920136710144,,2025-07-26T06:05:13Z,1.0,-0.4,0.2,25.0
23.93,16.66213494461231,1.56,10.0,1.2801779508590698,103.85566711425781,1010.378663070905,,2025-07-26T06:05:13.300000Z,1.0,-0.4,0.2,25.0
23.93,16.158610271903346,1.56,30.0,1.2801752090454102,103.85566711425781,1010.378663070905,,2025-07-26T06:05:13.500000Z,1.2000000000000002,-0.2,0.4,25.0
23.93,15.15156092648542,1.56,30.0,1.2801707983016968,103.85566711425781,1010.378663070905,,2025-07-26T06:05:13.800000Z,1.2000000000000002,-0.2,0.4,25.0
23.93,14.31235313863715,1.56,30.0,1.2801671028137207,103.85566711425781,1010.378663070905,,2025-07-26T06:05:14Z,1.0,-0.2,0.6000000000000001,25.0
23.93,12.633937562940607,1.56,30.0,1.2801588773727417,103.85566711425781,1010.378663070905,,2025-07-26T06:05:14.300000Z,1.0,0.0,0.6000000000000001,25.0
23.93,10.619838872104756,1.56,30.0,1.2801506519317627,103.85565948486328,1010.378663070905,,2025-07-26T06:05:14.500000Z,1.0,0.0,0.8,25.0
23.93,8.605740181268905,1.56,30.0,1.2801403999328613,103.85565185546875,1010.378663070905,,2025-07-26T06:05:14.800000Z,1.0,0.0,1.0,25.0
23.93,6.591641490433054,1.56,30.0,1.2801313400268555,103.85564422607422,1010.378663070905,,2025-07-26T06:05:15Z,0.6000000000000001,-0.2,1.4000000000000001,25.0
23.82,4.409701242027549,1.45,30.0,1.2801214456558228,103.85564422607422,1010.3920136710144,,2025-07-26T06:05:15.300000Z,0.2,-0.4,1.6,25.0
23.82,2.3956025511916983,1.45,30.0,1.280112862586975,103.85564422607422,1010.3920136710144,,2025-07-26T06:05:15.500000Z,0.0,-0.4,1.8,25.0
23.82,0.38150386035584727,1.45,30.0,1.280103325843811,103.85563659667969,1010.3920136710144,,2025-07-26T06:05:15.800000Z,0.0,-0.6000000000000001,2.0,25.0
23.82,-2.3039610607586205,1.45,30.0,1.2800904512405396,103.85562896728516,1010.3920136710144,,2025-07-26T06:05:16Z,0.0,-0.6000000000000001,2.2,25.0
23.82,-4.65374286673378,1.45,30.0,1.2800778150558472,103.8556137084961,1010.3920136710144,,2025-07-26T06:05:16.300000Z,0.0,-1.0,2.6,25.0
23.82,-7.171366230278593,1.45,30.0,1.2800654172897339,103.85560607910156,1010.3920136710144,,2025-07-26T06:05:16.500000Z,0.0,-1.4000000000000001,2.8000000000000003,25.0
23.82,-9.856831151393061,1.45,30.0,1.2800519466400146,103.85560607910156,1010.3920136710144,,2025-07-26T06:05:16.800000Z,-0.2,-1.6,3.2,25.0
23.82,-11.703088284659257,1.45,30.0,1.280043125152588,103.85559844970703,1010.3920136710144,,2025-07-26T06:05:17Z,-0.6000000000000001,-1.8,3.8000000000000003,25.0
23.93,-12.710137630077183,1.56,30.0,1.2800376415252686,103.85559844970703,1010.378663070905,,2025-07-26T06:05:17.300000Z,-0.8,-2.0,4.0,25.0
23.93,-13.885028533064764,1.56,30.0,1.2800333499908447,103.85559844970703,1010.378663070905,,2025-07-26T06:05:17.500000Z,-1.2000000000000002,-2.4000000000000004,4.0,25.0
23.93,-15.059919436052343,1.56,30.0,1.280027985572815,103.8555908203125,1010.378663070905,,2025-07-26T06:05:17.800000Z,-1.4000000000000001,-2.2,4.2,25.0
23.93,-16.06696878147027,1.56,30.0,1.2800228595733643,103.85558319091797,1010.378663070905,,2025-07-26T06:05:18Z,-1.4000000000000001,-2.2,4.2,25.0
23.82,-17.241859684457847,1.45,30.0,1.2800192832946777,103.85558319091797,1010.3920136710144,,2025-07-26T06:05:18.300000Z,-1.4000000000000001,-2.0,4.2,25.0
23.82,-18.248909029875772,1.45,30.0,1.2800143957138062,103.85557556152344,1010.3920136710144,,2025-07-26T06:05:18.500000Z,-1.6,-2.0,4.2,25.0
23.82,-19.255958375293698,1.45,30.0,1.2800092697143555,103.8555679321289,1010.3920136710144,,2025-07-26T06:05:18.800000Z,-1.6,-2.2,4.2,25.0
23.82,-20.43084927828128,1.45,30.0,1.2800041437149048,103.8555679321289,1010.3920136710144,,2025-07-26T06:05:19Z,-1.8,-2.0,4.2,25.0
23.93,-21.605740181268857,1.56,30.0,1.279999852180481,103.8555679321289,1010.378663070905,,2025-07-26T06:05:19.300000Z,-1.8,-2.0,4.4,25.0
23.93,-22.612789526686782,1.56,30.0,1.2799949645996094,103.85556030273438,1010.378663070905,,2025-07-26T06:05:19.500000Z,-1.8,-2.0,4.4,25.0
23.93,-23.95552198724402,1.56,30.0,1.2799899578094482,103.85556030273438,1010.378663070905,,2025-07-26T06:05:19.800000Z,-1.8,-2.0,4.4,25.0
23.93,-24.291205102383326,1.56,30.0,1.2799899578094482,103.85556030273438,1010.378663070905,,2025-07-26T06:05:20Z,-1.6,-2.0,4.4,25.0
23.82,-25.298254447801252,1.45,30.0,1.2799853086471558,103.85555267333984,1010.3920136710144,,2025-07-26T06:05:20.300000Z,-1.6,-2.0,4.4,25.0
23.82,-26.47314535078883,1.45,30.0,1.2799813747406006,103.85554504394531,1010.3920136710144,,2025-07-26T06:05:20.500000Z,-1.4000000000000001,-1.8,4.4,25.0
23.82,-27.480194696206755,1.45,30.0,1.279976487159729,103.85554504394531,1010.3920136710144,,2025-07-26T06:05:20.800000Z,-1.4000000000000001,-2.0,4.2,25.0
23.82,-28.655085599194337,1.45,30.0,1.2799733877182007,103.85554504394531,1010.3920136710144,,2025-07-26T06:05:21Z,-1.4000000000000001,-1.8,4.2,25.0
23.71,-29.662134944612262,1.34,30.0,1.2799688577651978,103.85553741455078,1010.4053642711239,,2025-07-26T06:05:21.300000Z,-1.4000000000000001,-1.8,4.2,25.0
23.71,-30.669184290030188,1.34,30.0,1.2799642086029053,103.85552978515625,1010.4053642711239,,2025-07-26T06:05:21.500000Z,-1.6,-1.8,4.2,25.0
23.71,-31.676233635448114,1.34,30.0,1.2799593210220337,103.85552978515625,1010.4053642711239,,2025-07-26T06:05:21.800000Z,-1.8,-2.0,4.2,25.0
23.71,-32.85112453843569,1.34,30.0,1.2799559831619263,103.85552978515625,1010.4053642711239,,2025-07-26T06:05:22Z,-1.8,-1.8,4.2,25.0
23.71,-34.02601544142327,1.34,30.0,1.2799527645111084,103.85552215576172,1010.4053642711239,,2025-07-26T06:05:22.300000Z,-1.6,-1.8,4.2,25.0
23.71,-34.86522322927154,1.34,30.0,1.2799482345581055,103.85551452636719,1010.4053642711239,,2025-07-26T06:05:22.500000Z,-1.8,-1.8,4.2,25.0
23.71,-36.04011413225912,1.34,30.0,1.279944658279419,103.85551452636719,1010.4053642711239,,2025-07-26T06:05:22.800000Z,-1.8,-1.8,4.2,25.0
23.71,-36.20795568982878,1.34,30.0,1.2799440622329712,103.85550689697266,1010.4053642711239,,2025-07-26T06:05:23Z,-1.8,-1.8,4.2,25.0
23.71,-37.38284659281636,1.34,30.0,1.2799402475357056,103.85550689697266,1010.4053642711239,,2025-07-26T06:05:23.300000Z,-1.8,-1.8,4.2,25.0
23.71,-38.38989593823428,1.34,30.0,1.2799371480941772,103.85549926757812,1010.4053642711239,,2025-07-26T06:05:23.500000Z,-1.8,-1.8,4.2,25.0
23.71,-39.39694528365221,1.34,30.0,1.2799326181411743,103.85549926757812,1010.4053642711239,,2025-07-26T06:05:23.800000Z,-1.8,-1.8,4.2,25.0
23.71,-40.23615307150048,1.34,30.0,1.279926061630249,103.8554916381836,1010.4053642711239,,2025-07-26T06:05:24Z,-1.8,-1.8,4.0,25.0
23.71,-41.41104397448806,1.34,30.0,1.279921531677246,103.8554916381836,1010.4053642711239,,2025-07-26T06:05:24.300000Z,-2.0,-2.0,4.0,25.0
23.71,-42.58593487747564,1.34,30.0,1.2799184322357178,103.85548400878906,1010.4053642711239,,2025-07-26T06:05:24.500000Z,-1.8,-1.8,4.0,25.0
23.71,-43.59298422289356,1.34,30.0,1.2799136638641357,103.85548400878906,1010.4053642711239,,2025-07-26T06:05:24.800000Z,-1.8,-1.8,4.0,25.0
23.71,-44.432192010741836,1.34,30.0,1.279909610748291,103.85547637939453,1010.4053642711239,,2025-07-26T06:05:25Z,-1.8,-1.8,4.0,25.0
23.82,-45.607082913729414,1.45,30.0,1.279904842376709,103.85547637939453,1010.3920136710144,,2025-07-26T06:05:25.300000Z,-1.8,-1.8,4.0,25.0
23.82,-46.61413225914734,1.45,30.0,1.279900074005127,103.85546875,1010.3920136710144,,2025-07-26T06:05:25.500000Z,-1.6,-1.8,4.0,25.0
23.82,-47.621181604565265,1.45,30.0,1.2798943519592285,103.85546112060547,1010.3920136710144,,2025-07-26T06:05:25.800000Z,-1.6,-2.0,4.0,25.0
23.82,-49.131755622692154,1.45,30.0,1.2798861265182495,103.85545349121094,1010.3920136710144,,2025-07-26T06:05:26Z,-1.8,-2.0,4.0,25.0
23.71,-50.13880496811008,1.34,30.0,1.2798806428909302,103.8554458618164,1010.4053642711239,,2025-07-26T06:05:26.300000Z,-2.0,-2.2,4.0,25.0
23.71,-51.145854313528005,1.34,30.0,1.2798749208450317,103.8554458618164,1010.4053642711239,,2025-07-26T06:05:26.500000Z,-2.2,-2.2,4.0,25.0
23.71,-52.15290365894593,1.34,30.0,1.2798724174499512,103.8554458618164,1010.4053642711239,,2025-07-26T06:05:26.800000Z,-2.0,-2.0,4.0,25.0
23.71,-53.32779456193351,1.34,30.0,1.279868483543396,103.85543823242188,1010.4053642711239,,2025-07-26T06:05:27Z,-2.0,-2.0,4.0,25.0
23.71,-54.334843907351434,1.34,30.0,1.2798651456832886,103.85543823242188,1010.4053642711239,,2025-07-26T06:05:27.300000Z,-1.8,-1.8,4.0,25.0
23.71,-55.34189325276936,1.34,30.0,1.2798603773117065,103.85543060302734,1010.4053642711239,,2025-07-26T06:05:27.500000Z,-2.0,-1.8,4.0,25.0
23.71,-56.51678415575694,1.34,30.0,1.2798575162887573,103.85543060302734,1010.4053642711239,,2025-07-26T06:05:27.800000Z,-1.6,-1.6,4.2,25.0
23.71,-57.52383350117486,1.34,30.0,1.279853343963623,103.85542297363281,1010.4053642711239,,2025-07-26T06:05:28Z,-1.8,-1.8,4.2,25.0
23.82,-58.53088284659279,1.45,30.0,1.2798494100570679,103.85542297363281,1010.3920136710144,,2025-07-26T06:05:28.300000Z,-1.6,-1.8,4.2,25.0
23.82,-59.70577374958037,1.45,30.0,1.2798441648483276,103.85541534423828,1010.3920136710144,,2025-07-26T06:05:28.500000Z,-1.8,-2.0,4.2,25.0
23.82,-60.7128230949983,1.45,30.0,1.2798405885696411,103.85540771484375,1010.3920136710144,,2025-07-26T06:05:28.800000Z,-1.8,-2.0,4.2,25.0
23.82,-58.195199731453485,1.45,30.0,1.279858946800232,103.85541534423828,1010.3920136710144,,2025-07-26T06:05:29Z,-2.0,-1.8,4.0,25.0
23.82,-58.8665659617321,1.45,30.0,1.2798560857772827,103.85540771484375,1010.3920136710144,,2025-07-26T06:05:29.300000Z,-2.0,-1.8,4.0,25.0
23.82,-59.70577374958037,1.45,30.0,1.2798523902893066,103.85540771484375,1010.3920136710144,,2025-07-26T06:05:29.500000Z,-2.0,-1.8,4.0,25.0
23.82,-60.37713997985899,1.45,30.0,1.2798492908477783,103.85540771484375,1010.3920136710144,,2025-07-26T06:05:29.800000Z,-1.8,-1.6,3.8000000000000003,25.0
23.82,-61.384189325276914,1.45,30.0,1.279845118522644,103.85540771484375,1010.3920136710144,,2025-07-26T06:05:30Z,-1.6,-1.6,3.8000000000000003,25.0
23.82,-62.05555555555553,1.45,30.0,1.2798409461975098,103.85540008544922,1010.3920136710144,,2025-07-26T06:05:30.300000Z,-1.6,-1.6,3.8000000000000003,25.0
23.82,-62.72692178583415,1.45,30.0,1.2798370122909546,103.85540008544922,1010.3920136710144,,2025-07-26T06:05:30.500000Z,-1.4000000000000001,-1.6,3.6,25.0
23.82,-63.398288016112765,1.45,30.0,1.2798328399658203,103.85540008544922,1010.3920136710144,,2025-07-26T06:05:30.800000Z,-1.2000000000000002,-1.6,3.6,25.0
23.82,-64.06965424639138,1.45,30.0,1.2798280715942383,103.85540008544922,1010.3920136710144,,2025-07-26T06:05:31Z,-1.0,-1.6,3.4000000000000004,25.0
23.82,-64.90886203423965,1.45,30.0,1.2798254489898682,103.85540008544922,1010.3920136710144,,2025-07-26T06:05:31.300000Z,-0.8,-1.4000000000000001,3.4000000000000004,25.0
23.82,-65.58022826451827,1.45,30.0,1.2798196077346802,103.85540008544922,1010.3920136710144,,2025-07-26T06:05:31.500000Z,-0.8,-1.6,3.2,25.0
23.82,-66.41943605236654,1.45,30.0,1.2798157930374146,103.85539245605469,1010.3920136710144,,2025-07-26T06:05:31.800000Z,-0.6000000000000001,-1.6,3.2,25.0
23.93,-65.41238670694861,1.56,30.0,1.2798304557800293,103.85540008544922,1010.378663070905,,2025-07-26T06:05:32.300000Z,-0.4,-1.6,3.2,25.0
23.93,-66.25159449479689,1.56,30.0,1.2798268795013428,103.85540008544922,1010.378663070905,,2025-07-26T06:05:32.500000Z,-0.2,-1.6,3.2,25.0
23.93,-67.09080228264516,1.56,30.0,1.2798234224319458,103.85540008544922,1010.378663070905,,2025-07-26T06:05:32.800000Z,0.0,-1.6,3.2,25.0
23.93,-67.93001007049342,1.56,30.0,1.2798186540603638,103.85539245605469,1010.378663070905,,2025-07-26T06:05:33Z,-0.4,-1.6,3.2,25.0
23.93,-68.93705941591135,1.56,30.0,1.2798141241073608,103.85539245605469,1010.378663070905,,2025-07-26T06:05:33.300000Z,-0.6000000000000001,-1.8,3.0,25.0
23.93,-69.77626720375963,1.56,30.0,1.2798094749450684,103.85538482666016,1010.378663070905,,2025-07-26T06:05:33.500000Z,-0.8,-1.8,3.0,25.0
23.93,-70.44763343403824,1.56,30.0,1.2798054218292236,103.85538482666016,1010.378663070905,,2025-07-26T06:05:33.800000Z,-0.8,-1.6,3.2,45.0
23.93,-71.11899966431686,1.56,30.0,1.2798001766204834,103.85537719726562,1010.378663070905,,2025-07-26T06:05:34Z,-1.0,-1.8,3.0,45.0
23.93,-71.79036589459548,1.56,30.0,1.2797949314117432,103.8553695678711,1010.378663070905,,2025-07-26T06:05:34.300000Z,-1.2000000000000002,-1.8,3.0,45.0
23.93,-72.79741524001341,1.56,30.0,1.2797908782958984,103.8553695678711,1010.378663070905,,2025-07-26T06:05:34.500000Z,-1.4000000000000001,-1.8,3.0,45.0
23.93,-73.80446458543133,1.56,30.0,1.279788613319397,103.8553695678711,1010.378663070905,,2025-07-26T06:05:34.800000Z,-1.4000000000000001,-1.8,3.0,45.0
23.93,-74.14014770057064,1.56,30.0,1.2797925472259521,103.8553695678711,1010.378663070905,,2025-07-26T06:05:35Z,-1.6,-1.8,3.0,45.0
23.93,-75.14719704598856,1.56,30.0,1.2797893285751343,103.85536193847656,1010.378663070905,,2025-07-26T06:05:35.300000Z,-1.6,-1.6,3.2,45.0
23.93,-75.81856327626718,1.56,30.0,1.2797856330871582,103.85535430908203,1010.378663070905,,2025-07-26T06:05:35.500000Z,-1.6,-1.6,3.2,45.0
23.93,-76.48992950654579,1.56,30.0,1.279781699180603,103.85535430908203,1010.378663070905,,2025-07-26T06:05:35.800000Z,-1.6,-1.6,3.2,45.0
23.93,-77.49697885196372,1.56,30.0,1.2797795534133911,103.8553466796875,1010.378663070905,,2025-07-26T06:05:36Z,-1.6,-1.4000000000000001,3.2,45.0
23.93,-78.6718697549513,1.56,30.0,1.2797765731811523,103.8553466796875,1010.378663070905,,2025-07-26T06:05:36.300000Z,-1.6,-1.4000000000000001,3.2,45.0
23.93,-79.34323598522992,1.56,30.0,1.2797729969024658,103.85533905029297,1010.378663070905,,2025-07-26T06:05:36.500000Z,-1.6,-1.4000000000000001,3.2,45.0
23.93,-79.84676065793887,1.56,30.0,1.279768943786621,103.85533905029297,1010.378663070905,,2025-07-26T06:05:36.800000Z,-1.6,-1.4000000000000001,3.2,45.0
23.93,-80.68596844578715,1.56,30.0,1.27976655960083,103.85533905029297,1010.378663070905,,2025-07-26T06:05:37Z,-1.6,-1.4000000000000001,3.2,45.0
23.82,-82.02870090634438,1.45,30.0,1.2797578573226929,103.85533142089844,1010.3920136710144,,2025-07-26T06:05:37.500000Z,-1.4000000000000001,-1.4000000000000001,3.0,45.0
23.82,-82.700067136623,1.45,30.0,1.2797530889511108,103.85533142089844,1010.3920136710144,,2025-07-26T06:05:37.800000Z,-1.6,-1.4000000000000001,3.0,45.0
23.82,-76.82561262168511,1.45,30.0,1.2797915935516357,103.85533142089844,1010.3920136710144,,2025-07-26T06:05:38Z,-1.4000000000000001,-1.4000000000000001,3.0,45.0
23.93,-77.32913729439407,1.56,30.0,1.2797870635986328,103.85533142089844,1010.378663070905,,2025-07-26T06:05:38.300000Z,-1.6,-1.4000000000000001,2.8000000000000003,45.0
23.93,-77.66482040953338,1.56,30.0,1.2797837257385254,103.85533142089844,1010.378663070905,,2025-07-26T06:05:38.500000Z,-1.4000000000000001,-1.4000000000000001,2.8000000000000003,45.0
23.93,-79.0075528700906,1.56,30.0,1.279781460762024,103.85533142089844,1010.378663070905,,2025-07-26T06:05:38.800000Z,-1.4000000000000001,-1.4000000000000001,2.8000000000000003,45.0
23.93,-81.18949311849612,1.56,30.0,1.2797820568084717,103.8553237915039,1010.378663070905,,2025-07-26T06:05:39Z,-1.6,-1.4000000000000001,2.8000000000000003,45.0
23.82,-82.02870090634438,1.45,30.0,1.279779076576233,103.85531616210938,1010.3920136710144,,2025-07-26T06:05:39.300000Z,-1.6,-1.2000000000000002,3.0,45.0
23.82,-82.02870090634438,1.45,30.0,1.27977454662323,103.85530853271484,1010.3920136710144,,2025-07-26T06:05:39.500000Z,-1.6,-1.2000000000000002,2.8000000000000003,45.0
23.82,-82.86790869419265,1.45,30.0,1.2797718048095703,103.85530853271484,1010.3920136710144,,2025-07-26T06:05:39.800000Z,-1.6,-1.2000000000000002,2.8000000000000003,45.0
23.82,-83.20359180933197,1.45,30.0,1.27977454662323,103.85530090332031,1010.3920136710144,,2025-07-26T06:05:40Z,-1.6,-1.2000000000000002,2.8000000000000003,45.0
23.71,-82.53222557905335,1.34,30.0,1.279782772064209,103.85530090332031,1010.4053642711239,,2025-07-26T06:05:40.300000Z,-1.4000000000000001,-1.0,3.0,45.0
23.71,-82.02870090634438,1.34,30.0,1.2797895669937134,103.85530090332031,1010.4053642711239,,2025-07-26T06:05:40.500000Z,-1.4000000000000001,-1.0,3.0,45.0
23.71,-82.36438402148369,1.34,30.0,1.2797917127609253,103.85529327392578,1010.4053642711239,,2025-07-26T06:05:40.800000Z,-1.4000000000000001,-1.0,3.0,45.0
23.71,-80.18244377307819,1.34,30.0,1.279807448387146,103.85529327392578,1010.4053642711239,,2025-07-26T06:05:41Z,-1.4000000000000001,-0.8,3.0,45.0
23.93,-81.18949311849612,1.56,30.0,1.279807448387146,103.85529327392578,1010.378663070905,,2025-07-26T06:05:41.300000Z,-1.6,-0.8,3.0,45.0
23.93,-79.17539442766027,1.56,30.0,1.2798231840133667,103.85529327392578,1010.378663070905,,2025-07-26T06:05:41.800000Z,-1.4000000000000001,-0.6000000000000001,2.8000000000000003,45.0
23.93,-77.49697885196372,1.56,30.0,1.279835820198059,103.85529327392578,1010.378663070905,,2025-07-26T06:05:42Z,-1.4000000000000001,-0.6000000000000001,2.8000000000000003,45.0
23.71,-74.6436723732796,1.34,30.0,1.2798504829406738,103.85529327392578,1010.4053642711239,,2025-07-26T06:05:42.300000Z,-1.2000000000000002,-0.4,2.6,45.0
23.71,-73.80446458543133,1.34,30.0,1.2798571586608887,103.85529327392578,1010.4053642711239,,2025-07-26T06:05:42.500000Z,-1.2000000000000002,-0.4,2.6,45.0
23.71,-73.80446458543133,1.34,30.0,1.2798577547073364,103.85529327392578,1010.4053642711239,,2025-07-26T06:05:42.800000Z,-1.0,0.0,2.4000000000000004,45.0
23.71,-74.47583081570994,1.34,30.0,1.2798559665679932,103.85529327392578,1010.4053642711239,,2025-07-26T06:05:43Z,-1.2000000000000002,0.0,2.2,45.0
23.82,-74.14014770057064,1.45,30.0,1.2798619270324707,103.85529327392578,1010.3920136710144,,2025-07-26T06:05:43.300000Z,-1.0,0.2,2.2,45.0
23.82,-73.30093991272237,1.45,30.0,1.2798700332641602,103.85529327392578,1010.3920136710144,,2025-07-26T06:05:43.500000Z,-0.8,0.4,2.2,45.0
23.82,-72.62957368244375,1.45,30.0,1.279880166053772,103.85528564453125,1010.3920136710144,,2025-07-26T06:05:44Z,-0.6000000000000001,0.6000000000000001,2.0,45.0
23.71,-72.46173212487409,1.34,30.0,1.279881477355957,103.85529327392578,1010.4053642711239,,2025-07-26T06:05:44.300000Z,-0.4,0.6000000000000001,2.0,45.0
23.71,-73.30093991272237,1.34,30.0,1.2798800468444824,103.85528564453125,1010.4053642711239,,2025-07-26T06:05:44.500000Z,-0.2,0.6000000000000001,2.0,45.0
23.71,-73.80446458543133,1.34,30.0,1.2798806428909302,103.85528564453125,1010.4053642711239,,2025-07-26T06:05:44.800000Z,-0.2,0.6000000000000001,2.0,45.0
23.71,-74.3079892581403,1.34,30.0,1.2798824310302734,103.85527801513672,1010.4053642711239,,2025-07-26T06:05:45Z,-0.4,0.8,1.8,45.0
23.82,-73.97230614300098,1.45,30.0,1.2798848152160645,103.85527801513672,1010.3920136710144,,2025-07-26T06:05:45.300000Z,-0.4,0.8,1.8,45.0
23.82,-73.80446458543133,1.45,30.0,1.2798868417739868,103.85527801513672,1010.3920136710144,,2025-07-26T06:05:45.500000Z,-0.4,1.0,1.8,45.0
23.82,-73.30093991272237,1.45,30.0,1.2798911333084106,103.85527801513672,1010.3920136710144,,2025-07-26T06:05:45.800000Z,-0.4,0.8,1.6,45.0
23.82,-71.95820745216513,1.45,30.0,1.2798994779586792,103.85528564453125,1010.3920136710144,,2025-07-26T06:05:46Z,-0.2,0.8,1.4000000000000001,45.0
24.04,-72.29389056730444,1.67,30.0,1.2799029350280762,103.85527801513672,1010.3653124707954,,2025-07-26T06:05:46.300000Z,-0.2,0.8,1.4000000000000001,45.0
24.04,-72.79741524001341,1.67,30.0,1.2799010276794434,103.85527801513672,1010.3653124707954,,2025-07-26T06:05:46.500000Z,-0.2,0.8,1.4000000000000001,45.0
24.04,-72.79741524001341,1.67,30.0,1.2799036502838135,103.85527801513672,1010.3653124707954,,2025-07-26T06:05:46.800000Z,-0.2,0.8,1.4000000000000001,45.0
24.04,-74.3079892581403,1.67,30.0,1.2798999547958374,103.85527038574219,1010.3653124707954,,2025-07-26T06:05:47Z,-0.4,0.8,1.6,45.0
24.04,-72.79741524001341,1.67,30.0,1.2799092531204224,103.85526275634766,1010.3653124707954,,2025-07-26T06:05:47.500000Z,-0.8,0.6000000000000001,1.4000000000000001,45.0
24.04,-71.79036589459548,1.67,30.0,1.2799131870269775,103.85526275634766,1010.3653124707954,,2025-07-26T06:05:47.800000Z,-1.0,0.4,1.4000000000000001,45.0
24.04,-71.45468277945616,1.67,30.0,1.2799142599105835,103.85526275634766,1010.3653124707954,,2025-07-26T06:05:48Z,-0.8,0.6000000000000001,1.2000000000000002,45.0
23.82,-70.78331654917756,1.45,30.0,1.279918909072876,103.85526275634766,1010.3920136710144,,2025-07-26T06:05:48.300000Z,-0.8,0.6000000000000001,1.2000000000000002,45.0
23.82,-70.44763343403824,1.45,30.0,1.2799233198165894,103.85525512695312,1010.3920136710144,,2025-07-26T06:05:48.500000Z,-1.0,0.4,1.0,45.0
23.82,-70.6154749916079,1.45,30.0,1.2799243927001953,103.85525512695312,1010.3920136710144,,2025-07-26T06:05:48.800000Z,-1.0,0.2,1.0,45.0
23.82,-70.78331654917756,1.45,30.0,1.2799240350723267,103.85525512695312,1010.3920136710144,,2025-07-26T06:05:49Z,-1.0,0.4,1.0,45.0
23.6,-69.94410876132928,1.23,30.0,1.279929518699646,103.85526275634766,1010.4187148712333,,2025-07-26T06:05:49.300000Z,-0.8,0.6000000000000001,1.0,45.0
23.6,-68.43353474320239,1.23,30.0,1.2799360752105713,103.85526275634766,1010.4187148712333,,2025-07-26T06:05:49.500000Z,-0.8,0.4,1.0,45.0
23.6,-68.60137630077205,1.23,30.0,1.2799384593963623,103.85525512695312,1010.4187148712333,,2025-07-26T06:05:49.800000Z,-1.0,0.2,0.8,45.0
23.6,-66.08375293722723,1.23,30.0,1.2799532413482666,103.85525512695312,1010.4187148712333,,2025-07-26T06:05:50Z,-1.0,0.2,0.8,45.0
24.04,-65.41238670694861,1.67,30.0,1.2799601554870605,103.85525512695312,1010.3653124707954,,2025-07-26T06:05:50.300000Z,-1.0,0.0,0.8,45.0
24.04,-63.90181268882173,1.67,30.0,1.2799756526947021,103.85525512695312,1010.3653124707954,,2025-07-26T06:05:50.800000Z,-0.6000000000000001,0.6000000000000001,0.8,45.0
24.04,-62.55908022826449,1.67,30.0,1.2799832820892334,103.85525512695312,1010.3653124707954,,2025-07-26T06:05:51Z,-0.4,0.8,0.8,45.0
23.93,-61.384189325276914,1.56,30.0,1.2799887657165527,103.85526275634766,1010.378663070905,,2025-07-26T06:05:51.300000Z,-0.2,0.8,0.8,45.0
23.93,-60.209298422289336,1.56,30.0,1.2799968719482422,103.85527038574219,1010.378663070905,,2025-07-26T06:05:51.500000Z,0.0,0.8,0.6000000000000001,45.0
23.93,-59.20224907687141,1.56,30.0,1.2800049781799316,103.85527038574219,1010.378663070905,,2025-07-26T06:05:51.800000Z,0.0,0.6000000000000001,0.6000000000000001,45.0
23.93,-58.027358173883826,1.56,30.0,1.2800142765045166,103.85527038574219,1010.378663070905,,2025-07-26T06:05:52Z,0.0,0.6000000000000001,0.6000000000000001,45.0
23.71,-57.859516616314174,1.34,30.0,1.2800185680389404,103.85527801513672,1010.4053642711239,,2025-07-26T06:05:52.300000Z,0.0,0.6000000000000001,0.4,45.0
23.71,-57.52383350117486,1.34,30.0,1.2800244092941284,103.85528564453125,1010.4053642711239,,2025-07-26T06:05:52.500000Z,0.2,0.6000000000000001,0.6000000000000001,45.0
23.71,-56.348942598187286,1.34,30.0,1.2800333499908447,103.85528564453125,1010.4053642711239,,2025-07-26T06:05:52.800000Z,0.0,0.6000000000000001,0.6000000000000001,45.0
23.71,-55.84541792547832,1.34,30.0,1.2800421714782715,103.85528564453125,1010.4053642711239,,2025-07-26T06:05:53Z,-0.2,0.6000000000000001,0.6000000000000001,45.0
24.27,-55.50973481033901,1.9,30.0,1.2800489664077759,103.85529327392578,1010.3386112705765,,2025-07-26T06:05:53.300000Z,0.0,0.6000000000000001,0.6000000000000001,45.0
24.27,-55.17405169519971,1.9,30.0,1.2800562381744385,103.85529327392578,1010.3386112705765,,2025-07-26T06:05:53.500000Z,0.0,0.8,0.6000000000000001,45.0
24.27,-54.334843907351434,1.9,30.0,1.280064344406128,103.85530090332031,1010.3386112705765,,2025-07-26T06:05:53.800000Z,-0.2,0.8,0.8,45.0
24.27,-53.83131923464247,1.9,30.0,1.2800703048706055,103.85530853271484,1010.3386112705765,,2025-07-26T06:05:54Z,0.0,0.8,0.8,45.0
23.93,-50.810171198388694,1.56,30.0,1.2800829410552979,103.8553237915039,1010.378663070905,,2025-07-26T06:05:54.300000Z,-0.2,0.6000000000000001,0.6000000000000001,25.0
23.93,-49.467438737831465,1.56,30.0,1.280091643333435,103.8553237915039,1010.378663070905,,2025-07-26T06:05:54.500000Z,0.0,0.8,0.6000000000000001,25.0
23.93,-48.62823094998319,1.56,30.0,1.2800965309143066,103.85533142089844,1010.378663070905,,2025-07-26T06:05:54.800000Z,-0.2,0.6000000000000001,0.6000000000000001,25.0
23.93,-49.131755622692154,1.56,30.0,1.2800977230072021,103.85533142089844,1010.378663070905,,2025-07-26T06:05:55Z,-0.4,0.6000000000000001,0.8,25.0
23.93,-48.9639140651225,1.56,30.0,1.28010094165802,103.85533142089844,1010.378663070905,,2025-07-26T06:05:55.300000Z,-0.6000000000000001,0.6000000000000001,0.8,25.0
23.93,-48.9639140651225,1.56,30.0,1.2801036834716797,103.85533142089844,1010.378663070905,,2025-07-26T06:05:55.500000Z,-0.8,0.4,0.8,25.0
23.93,-48.79607250755284,1.56,30.0,1.280105471611023,103.85533142089844,1010.378663070905,,2025-07-26T06:05:55.800000Z,-0.8,0.4,0.8,25.0
23.93,-48.62823094998319,1.56,30.0,1.2801083326339722,103.85533142089844,1010.378663070905,,2025-07-26T06:05:56Z,-0.8,0.2,0.8,25.0
23.82,-49.299597180261806,1.45,30.0,1.2801061868667603,103.85533142089844,1010.3920136710144,,2025-07-26T06:05:56.300000Z,-0.8,0.2,0.8,25.0
23.82,-49.299597180261806,1.45,30.0,1.2801066637039185,103.85533905029297,1010.3920136710144,,2025-07-26T06:05:56.500000Z,-0.8,0.2,0.8,25.0
23.82,-50.30664652567973,1.45,30.0,1.280104637145996,103.85533905029297,1010.3920136710144,,2025-07-26T06:05:56.800000Z,-0.8,0.2,0.8,25.0
23.82,-50.97801275595835,1.45,30.0,1.2801032066345215,103.85533905029297,1010.3920136710144,,2025-07-26T06:05:57Z,-0.8,0.2,0.8,25.0
23.82,-51.145854313528005,1.45,30.0,1.2801027297973633,103.85533905029297,1010.3920136710144,,2025-07-26T06:05:57.300000Z,-0.8,0.2,0.8,25.0
23.82,-51.64937898623697,1.45,30.0,1.28010094165802,103.85533905029297,1010.3920136710144,,2025-07-26T06:05:57.500000Z,-0.4,0.4,0.8,25.0
23.82,-52.824269889224546,1.45,30.0,1.2800978422164917,103.85533905029297,1010.3920136710144,,2025-07-26T06:05:57.800000Z,-0.2,0.6000000000000001,0.8,25.0
23.82,-54.16700234978178,1.45,30.0,1.2800946235656738,103.8553466796875,1010.3920136710144,,2025-07-26T06:05:58Z,0.0,0.6000000000000001,0.6000000000000001,25.0
23.82,-55.17405169519971,1.45,30.0,1.2800929546356201,103.8553466796875,1010.3920136710144,,2025-07-26T06:05:58.300000Z,0.2,0.6000000000000001,0.8,25.0
23.82,-56.348942598187286,1.45,30.0,1.2800887823104858,103.8553466796875,1010.3920136710144,,2025-07-26T06:05:58.500000Z,0.4,0.6000000000000001,0.8,25.0
23.82,-57.35599194360521,1.45,30.0,1.2800867557525635,103.85535430908203,1010.3920136710144,,2025-07-26T06:05:58.800000Z,0.6000000000000001,0.2,0.8,25.0
23.82,-58.027358173883826,1.45,30.0,1.2800865173339844,103.85535430908203,1010.3920136710144,,2025-07-26T06:05:59Z,0.6000000000000001,0.0,1.0,25.0
24.04,-59.20224907687141,1.67,30.0,1.2800849676132202,103.85535430908203,1010.3653124707954,,2025-07-26T06:05:59.300000Z,0.6000000000000001,0.2,1.2000000000000002,25.0
24.04,-59.873615307150025,1.67,30.0,1.2800832986831665,103.85535430908203,1010.3653124707954,,2025-07-26T06:05:59.500000Z,0.6000000000000001,0.0,1.2000000000000002,25.0
24.04,-60.209298422289336,1.67,30.0,1.2800848484039307,103.85536193847656,1010.3653124707954,,2025-07-26T06:05:59.800000Z,0.6000000000000001,0.0,1.2000000000000002,25.0
24.04,-61.21634776770726,1.67,30.0,1.2800829410552979,103.85536193847656,1010.3653124707954,,2025-07-26T06:06:00Z,0.4,-0.2,1.4000000000000001,25.0
24.04,-62.22339711312519,1.67,30.0,1.280080795288086,103.85536193847656,1010.3653124707954,,2025-07-26T06:06:00.300000Z,0.6000000000000001,-0.2,1.4000000000000001,25.0
24.04,-64.23749580396104,1.67,30.0,1.2800835371017456,103.85535430908203,1010.3653124707954,,2025-07-26T06:06:01Z,0.6000000000000001,-0.2,1.4000000000000001,25.0
23.93,-76.15424639140649,1.56,30.0,1.2800594568252563,103.85536193847656,1010.378663070905,,2025-07-26T06:06:04.800000Z,-0.6000000000000001,0.0,1.6,25.0
23.93,-76.48992950654579,1.56,30.0,1.2800544500350952,103.85536193847656,1010.378663070905,,2025-07-26T06:06:05Z,-0.6000000000000001,-0.2,1.6,25.0
23.93,-78.50402819738164,1.56,30.0,1.2800509929656982,103.8553695678711,1010.378663070905,,2025-07-26T06:06:05.300000Z,-0.4,-0.4,1.6,25.0
23.82,-79.34323598522992,1.45,30.0,1.2800498008728027,103.8553695678711,1010.3920136710144,,2025-07-26T06:06:05.500000Z,-0.4,-0.6000000000000001,1.6,25.0
23.82,-80.68596844578715,1.45,30.0,1.2800488471984863,103.8553695678711,1010.3920136710144,,2025-07-26T06:06:05.800000Z,0.0,-0.6000000000000001,1.6,25.0
23.82,-80.5181268882175,1.45,30.0,1.2800525426864624,103.8553695678711,1010.3920136710144,,2025-07-26T06:06:06Z,0.0,-0.6000000000000001,1.6,25.0
23.82,-78.6718697549513,1.45,30.0,1.2800534963607788,103.85537719726562,1010.3920136710144,,2025-07-26T06:06:06.300000Z,0.2,-0.6000000000000001,1.2000000000000002,25.0
23.93,-79.0075528700906,1.56,30.0,1.2800540924072266,103.85538482666016,1010.378663070905,,2025-07-26T06:06:06.500000Z,0.2,-0.4,1.2000000000000002,25.0
23.93,-79.34323598522992,1.56,30.0,1.2800531387329102,103.85538482666016,1010.378663070905,,2025-07-26T06:06:06.800000Z,0.4,-0.2,1.0,25.0
23.93,-79.51107754279957,1.56,30.0,1.2800544500350952,103.85539245605469,1010.378663070905,,2025-07-26T06:06:07Z,0.4,-0.2,1.0,25.0
23.93,-78.83971131252096,1.56,30.0,1.2800581455230713,103.85539245605469,1010.378663070905,,2025-07-26T06:06:07.300000Z,0.4,0.0,0.8,25.0
24.27,-79.0075528700906,1.9,30.0,1.280060052871704,103.85539245605469,1010.3386112705765,,2025-07-26T06:06:07.500000Z,0.4,0.0,0.8,25.0
24.27,-77.66482040953338,1.9,30.0,1.2800650596618652,103.85539245605469,1010.3386112705765,,2025-07-26T06:06:07.800000Z,0.2,0.0,0.6000000000000001,25.0
24.27,-76.48992950654579,1.9,30.0,1.2800723314285278,103.85539245605469,1010.3386112705765,,2025-07-26T06:06:08Z,0.2,0.0,0.6000000000000001,25.0
24.27,-75.81856327626718,1.9,30.0,1.2800792455673218,103.85538482666016,1010.3386112705765,,2025-07-26T06:06:08.300000Z,0.2,0.2,0.6000000000000001,25.0
24.16,-75.14719704598856,1.79,30.0,1.2800850868225098,103.85538482666016,1010.351961870686,,2025-07-26T06:06:08.500000Z,0.2,0.2,0.6000000000000001,25.0
24.16,-73.46878147029202,1.79,30.0,1.2800942659378052,103.85537719726562,1010.351961870686,,2025-07-26T06:06:08.800000Z,0.0,0.2,0.6000000000000001,25.0
24.16,-72.46173212487409,1.79,30.0,1.2801018953323364,103.85537719726562,1010.351961870686,,2025-07-26T06:06:09Z,0.0,0.2,0.6000000000000001,25.0
24.16,-71.28684122188652,1.79,30.0,1.2801086902618408,103.8553695678711,1010.351961870686,,2025-07-26T06:06:09.300000Z,0.0,0.2,0.6000000000000001,25.0
24.16,-70.11195031889893,1.79,30.0,1.2801146507263184,103.8553695678711,1010.351961870686,,2025-07-26T06:06:09.500000Z,0.0,0.2,0.6000000000000001,25.0
24.16,-68.09785162806308,1.79,30.0,1.2801226377487183,103.8553695678711,1010.351961870686,,2025-07-26T06:06:09.800000Z,0.0,0.2,0.6000000000000001,25.0
24.16,-66.9229607250755,1.79,30.0,1.2801287174224854,103.8553695678711,1010.351961870686,,2025-07-26T06:06:10Z,0.0,0.2,0.6000000000000001,25.0
24.16,-65.58022826451827,1.79,30.0,1.280133605003357,103.8553695678711,1010.351961870686,,2025-07-26T06:06:10.300000Z,0.0,0.2,0.6000000000000001,25.0
24.04,-64.74102047667,1.67,30.0,1.2801388502120972,103.85536193847656,1010.3653124707954,,2025-07-26T06:06:10.500000Z,0.0,0.2,0.4,25.0
24.04,-63.733971131252076,1.67,30.0,1.2801450490951538,103.85535430908203,1010.3653124707954,,2025-07-26T06:06:10.800000Z,0.0,0.2,0.4,25.0
24.04,-63.062604900973454,1.67,30.0,1.2801506519317627,103.8553466796875,1010.3653124707954,,2025-07-26T06:06:11Z,0.0,0.2,0.6000000000000001,25.0
24.04,-62.72692178583415,1.67,30.0,1.2801549434661865,103.8553466796875,1010.3653124707954,,2025-07-26T06:06:11.300000Z,0.0,0.2,0.6000000000000001,25.0
23.93,-62.05555555555553,1.56,30.0,1.2801599502563477,103.85533905029297,1010.378663070905,,2025-07-26T06:06:11.500000Z,0.0,0.2,0.6000000000000001,25.0
23.93,-61.552030882846566,1.56,30.0,1.280164122581482,103.85533905029297,1010.378663070905,,2025-07-26T06:06:11.800000Z,-0.2,0.2,0.6000000000000001,25.0
23.93,-60.209298422289336,1.56,30.0,1.2801710367202759,103.85533142089844,1010.378663070905,,2025-07-26T06:06:12Z,-0.2,0.2,0.6000000000000001,25.0
23.93,-58.69872440416245,1.56,30.0,1.2801769971847534,103.85533142089844,1010.378663070905,,2025-07-26T06:06:12.300000Z,0.0,0.2,0.6000000000000001,25.0
23.93,-57.18815038603556,1.56,30.0,1.2801835536956787,103.85533142089844,1010.378663070905,,2025-07-26T06:06:12.500000Z,0.0,0.2,0.6000000000000001,25.0
23.93,-56.6846257133266,1.56,30.0,1.2801868915557861,103.85533142089844,1010.378663070905,,2025-07-26T06:06:12.800000Z,0.0,0.2,0.6000000000000001,25.0
23.93,-55.67757636790867,1.56,30.0,1.2801921367645264,103.8553237915039,1010.378663070905,,2025-07-26T06:06:13Z,0.0,0.2,0.6000000000000001,25.0
23.93,-54.670527022490745,1.56,30.0,1.2801966667175293,103.85531616210938,1010.378663070905,,2025-07-26T06:06:13.300000Z,0.0,0.2,0.6000000000000001,25.0
23.93,-53.99916079221213,1.56,30.0,1.280200719833374,103.85531616210938,1010.378663070905,,2025-07-26T06:06:13.500000Z,-0.2,0.2,0.6000000000000001,25.0
23.93,-53.49563611950317,1.56,30.0,1.2802057266235352,103.85530853271484,1010.378663070905,,2025-07-26T06:06:13.800000Z,-0.2,0.2,0.6000000000000001,25.0
23.93,-52.992111446794205,1.56,30.0,1.2802118062973022,103.85530090332031,1010.378663070905,,2025-07-26T06:06:14Z,-0.2,0.2,0.8,25.0
23.93,-52.824269889224546,1.56,30.0,1.280214786529541,103.85529327392578,1010.378663070905,,2025-07-26T06:06:14.300000Z,-0.2,0.2,0.8,25.0
23.82,-51.98506210137628,1.45,30.0,1.2802183628082275,103.85529327392578,1010.3920136710144,,2025-07-26T06:06:14.500000Z,-0.2,0.2,0.8,25.0
23.82,-52.656428331654894,1.45,30.0,1.280217170715332,103.85529327392578,1010.3920136710144,,2025-07-26T06:06:14.800000Z,-0.2,0.2,0.8,25.0
23.82,-51.81722054380662,1.45,30.0,1.2802225351333618,103.85529327392578,1010.3920136710144,,2025-07-26T06:06:15Z,-0.4,0.2,1.0,25.0
23.82,-51.145854313528005,1.45,30.0,1.2802268266677856,103.85528564453125,1010.3920136710144,,2025-07-26T06:06:15.300000Z,-0.4,0.2,1.0,25.0
24.04,-50.47448808324939,1.67,30.0,1.2802318334579468,103.85527801513672,1010.3653124707954,,2025-07-26T06:06:15.500000Z,-0.2,0.2,0.8,25.0
24.04,-49.80312185297077,1.67,30.0,1.2802354097366333,103.85527801513672,1010.3653124707954,,2025-07-26T06:06:15.800000Z,-0.2,0.2,0.8,25.0
24.04,-48.79607250755284,1.67,30.0,1.280240774154663,103.85527038574219,1010.3653124707954,,2025-07-26T06:06:16Z,-0.2,0.2,0.8,25.0
24.04,-48.12470627727423,1.67,30.0,1.2802448272705078,103.85527038574219,1010.3653124707954,,2025-07-26T06:06:16.300000Z,-0.2,0.2,0.8,25.0
23.93,-47.78902316213492,1.56,30.0,1.2802480459213257,103.85526275634766,1010.378663070905,,2025-07-26T06:06:16.500000Z,-0.2,0.2,0.8,25.0
23.93,-46.11060758643838,1.56,30.0,1.2802542448043823,103.85526275634766,1010.378663070905,,2025-07-26T06:06:16.800000Z,-0.2,0.2,0.8,25.0
23.93,-45.774924471299066,1.56,30.0,1.280256986618042,103.85525512695312,1010.378663070905,,2025-07-26T06:06:17Z,-0.2,0.2,0.8,25.0
23.93,-45.43924135615976,1.56,30.0,1.2802590131759644,103.8552474975586,1010.378663070905,,2025-07-26T06:06:17.300000Z,-0.2,0.2,0.8,25.0
23.82,-45.2713997985901,1.45,30.0,1.2802611589431763,103.8552474975586,1010.3920136710144,,2025-07-26T06:06:17.500000Z,-0.2,0.2,1.0,25.0
23.82,-45.607082913729414,1.45,30.0,1.2802597284317017,103.8552474975586,1010.3920136710144,,2025-07-26T06:06:17.800000Z,-0.2,0.2,1.0,25.0
23.82,-45.10355824102045,1.45,30.0,1.2802627086639404,103.8552474975586,1010.3920136710144,,2025-07-26T06:06:18Z,-0.2,0.2,0.8,25.0
23.82,-44.60003356831149,1.45,30.0,1.2802660465240479,103.8552474975586,1010.3920136710144,,2025-07-26T06:06:18.300000Z,-0.2,0.2,0.8,25.0
23.93,-43.59298422289356,1.56,30.0,1.2802704572677612,103.85523986816406,1010.378663070905,,2025-07-26T06:06:18.500000Z,-0.2,0.2,0.8,25.0
23.93,-43.0894595501846,1.56,30.0,1.2802734375,103.85523986816406,1010.378663070905,,2025-07-26T06:06:18.800000Z,-0.2,0.2,0.8,25.0
23.93,-41.91456864719702,1.56,30.0,1.280277967453003,103.85523223876953,1010.378663070905,,2025-07-26T06:06:19Z,-0.2,0.2,0.8,25.0
23.93,-41.57888553205771,1.56,30.0,1.2802797555923462,103.85523223876953,1010.378663070905,,2025-07-26T06:06:19.300000Z,-0.2,0.2,0.8,25.0
24.04,-40.403994629070134,1.67,30.0,1.28028404712677,103.85523223876953,1010.3653124707954,,2025-07-26T06:06:19.500000Z,-0.2,0.2,0.8,25.0
24.04,-40.403994629070134,1.67,30.0,1.2802858352661133,103.855224609375,1010.3653124707954,,2025-07-26T06:06:19.800000Z,-0.2,0.2,0.8,25.0
24.04,-39.73262839879152,1.67,30.0,1.2802891731262207,103.855224609375,1010.3653124707954,,2025-07-26T06:06:20Z,-0.2,0.2,1.0,25.0
24.04,-39.56478684122186,1.67,30.0,1.2802910804748535,103.85521697998047,1010.3653124707954,,2025-07-26T06:06:20.300000Z,-0.2,0.2,1.0,25.0
23.82,-38.893420610943245,1.45,30.0,1.2802939414978027,103.85521697998047,1010.3920136710144,,2025-07-26T06:06:20.500000Z,-0.2,0.2,1.0,25.0
23.82,-37.71852970795567,1.45,30.0,1.2802997827529907,103.85520935058594,1010.3920136710144,,2025-07-26T06:06:20.800000Z,-0.2,0.2,1.0,25.0
23.82,-37.38284659281636,1.45,30.0,1.2803012132644653,103.85520935058594,1010.3920136710144,,2025-07-26T06:06:21Z,-0.4,0.2,1.0,25.0
23.82,-36.879321920107394,1.45,30.0,1.2803027629852295,103.8552017211914,1010.3920136710144,,2025-07-26T06:06:21.300000Z,-0.4,0.2,1.0,25.0
23.82,-35.704431017119816,1.45,30.0,1.2803059816360474,103.8552017211914,1010.3920136710144,,2025-07-26T06:06:21.500000Z,-0.4,0.2,1.0,25.0
23.82,-34.86522322927154,1.45,30.0,1.280308485031128,103.85519409179688,1010.3920136710144,,2025-07-26T06:06:21.800000Z,-0.4,0.2,1.0,25.0
23.82,-34.36169855656258,1.45,30.0,1.280309796333313,103.85519409179688,1010.3920136710144,,2025-07-26T06:06:22Z,-0.4,0.2,1.0,25.0
23.82,-34.19385699899293,1.45,30.0,1.2803120613098145,103.85518646240234,1010.3920136710144,,2025-07-26T06:06:22.300000Z,-0.4,0.2,1.0,25.0
24.16,-33.690332326283965,1.79,30.0,1.2803136110305786,103.85517883300781,1010.351961870686,,2025-07-26T06:06:22.500000Z,-0.4,0.2,1.0,25.0
24.16,-33.01896609600535,1.79,30.0,1.2803226709365845,103.85517883300781,1010.351961870686,,2025-07-26T06:06:22.800000Z,-1.0,0.4,0.4,25.0
24.16,-32.179758308157076,1.79,30.0,1.2803282737731934,103.85517120361328,1010.351961870686,,2025-07-26T06:06:23Z,-1.2000000000000002,0.4,0.0,25.0
24.16,-31.676233635448114,1.79,30.0,1.2803324460983276,103.85517120361328,1010.351961870686,,2025-07-26T06:06:23.300000Z,-1.2000000000000002,0.4,0.0,25.0
24.04,-31.17270896273915,1.67,30.0,1.2803356647491455,103.85516357421875,1010.3653124707954,,2025-07-26T06:06:23.500000Z,-1.2000000000000002,0.4,-0.2,25.0
24.04,-30.837025847599843,1.67,30.0,1.2803412675857544,103.85516357421875,1010.3653124707954,,2025-07-26T06:06:23.800000Z,-1.0,0.6000000000000001,-0.2,25.0
24.04,-30.501342732460532,1.67,30.0,1.2803455591201782,103.85515594482422,1010.3653124707954,,2025-07-26T06:06:24Z,-1.0,0.6000000000000001,-0.2,25.0
24.04,-29.99781805975157,1.67,30.0,1.280349612236023,103.85514831542969,1010.3653124707954,,2025-07-26T06:06:24.300000Z,-1.0,0.6000000000000001,-0.2,25.0
24.16,-29.829976502181918,1.79,30.0,1.2803547382354736,103.85514831542969,1010.351961870686,,2025-07-26T06:06:24.500000Z,-1.0,0.6000000000000001,-0.2,25.0
24.16,-28.990768714333644,1.79,30.0,1.2803584337234497,103.85514068603516,1010.351961870686,,2025-07-26T06:06:24.800000Z,-1.0,0.6000000000000001,-0.2,25.0
24.16,-28.822927156763992,1.79,30.0,1.2803595066070557,103.85514068603516,1010.351961870686,,2025-07-26T06:06:25Z,-0.8,0.6000000000000001,-0.2,25.0
24.16,-27.983719368915718,1.79,30.0,1.2803696393966675,103.85513305664062,1010.351961870686,,2025-07-26T06:06:25.300000Z,-1.0,0.8,-0.2,25.0
24.04,-27.480194696206755,1.67,30.0,1.2803716659545898,103.85513305664062,1010.3653124707954,,2025-07-26T06:06:25.500000Z,-1.0,0.8,-0.2,25.0
24.04,-26.976670023497793,1.67,30.0,1.2803727388381958,103.8551254272461,1010.3653124707954,,2025-07-26T06:06:25.800000Z,-1.2000000000000002,0.6000000000000001,-0.2,25.0
24.04,-26.640986908358485,1.67,30.0,1.2803751230239868,103.85511779785156,1010.3653124707954,,2025-07-26T06:06:26Z,-1.2000000000000002,0.6000000000000001,-0.2,25.0
24.04,-26.305303793219178,1.67,30.0,1.280380129814148,103.85511779785156,1010.3653124707954,,2025-07-26T06:06:26.300000Z,-1.2000000000000002,0.8,-0.2,25.0
24.27,-26.137462235649522,1.9,30.0,1.2803822755813599,103.85511016845703,1010.3386112705765,,2025-07-26T06:06:26.500000Z,-1.0,0.8,-0.2,25.0
24.27,-24.962571332661945,1.9,30.0,1.2803914546966553,103.85511016845703,1010.3386112705765,,2025-07-26T06:06:26.800000Z,-1.0,0.8,-0.2,25.0
24.27,-24.962571332661945,1.9,30.0,1.2803937196731567,103.8551025390625,1010.3386112705765,,2025-07-26T06:06:27Z,-0.8,0.8,-0.2,25.0
24.27,-20.095166163141972,1.9,30.0,1.2804222106933594,103.85509490966797,1010.3386112705765,,2025-07-26T06:06:27.300000Z,-1.0,0.6000000000000001,-0.2,25.0
24.04,-15.73128566633096,1.67,30.0,1.2804514169692993,103.8550796508789,1010.3653124707954,,2025-07-26T06:06:27.500000Z,-1.0,0.6000000000000001,-0.4,25.0
24.04,-11.703088284659257,1.67,30.0,1.28047513961792,103.85506439208984,1010.3653124707954,,2025-07-26T06:06:27.800000Z,-1.0,0.6000000000000001,-0.4,25.0
24.04,-8.010574018126865,1.67,30.0,1.2804992198944092,103.85504913330078,1010.3653124707954,,2025-07-26T06:06:28Z,-1.0,0.6000000000000001,-0.4,25.0
24.04,-4.4859013091641255,1.67,30.0,1.2805198431015015,103.85504913330078,1010.3653124707954,,2025-07-26T06:06:28.300000Z,-1.0,0.6000000000000001,-0.4,25.0
24.16,-1.4647532729103494,1.79,30.0,1.280539870262146,103.85503387451172,1010.351961870686,,2025-07-26T06:06:28.500000Z,-1.2000000000000002,0.4,-0.4,25.0
24.16,1.556394763343427,1.79,30.0,1.2805579900741577,103.85502624511719,1010.351961870686,,2025-07-26T06:06:28.800000Z,-1.0,0.4,-0.6000000000000001,25.0
24.16,4.409701242027549,1.79,30.0,1.2805752754211426,103.85501098632812,1010.351961870686,,2025-07-26T06:06:29Z,-1.2000000000000002,0.4,-0.6000000000000001,25.0
24.16,6.759483048002709,1.79,30.0,1.2805893421173096,103.85501098632812,1010.351961870686,,2025-07-26T06:06:29.300000Z,-1.0,0.4,-0.6000000000000001,25.0
24.04,9.109264853977868,1.67,30.0,1.2806024551391602,103.8550033569336,1010.3653124707954,,2025-07-26T06:06:29.500000Z,-1.0,0.4,-0.8,25.0
24.04,11.123363544813719,1.67,30.0,1.2806154489517212,103.85499572753906,1010.3653124707954,,2025-07-26T06:06:29.800000Z,-1.0,0.4,-0.8,25.0
24.04,12.466096005370952,1.67,30.0,1.2806259393692017,103.85498809814453,1010.3653124707954,,2025-07-26T06:06:30Z,-1.0,0.6000000000000001,-0.8,25.0
24.04,13.808828465928187,1.67,30.0,1.2806367874145508,103.85498046875,1010.3653124707954,,2025-07-26T06:06:30.300000Z,-1.0,0.8,-0.8,25.0
24.16,15.655085599194383,1.79,30.0,1.280645728111267,103.85497283935547,1010.351961870686,,2025-07-26T06:06:30.500000Z,-0.8,0.8,-0.8,25.0
24.16,16.829976502181964,1.79,30.0,1.2806531190872192,103.85497283935547,1010.351961870686,,2025-07-26T06:06:30.800000Z,-0.8,1.0,-0.8,25.0
24.16,18.172708962739197,1.79,30.0,1.2806627750396729,103.85497283935547,1010.351961870686,,2025-07-26T06:06:31Z,-0.6000000000000001,1.0,-0.8,25.0
24.16,19.179758308157123,1.79,30.0,1.2806715965270996,103.85496520996094,1010.351961870686,,2025-07-26T06:06:31.300000Z,-0.6000000000000001,1.0,-0.8,25.0
23.71,20.018966096005393,1.34,30.0,1.28068208694458,103.85496520996094,1010.4053642711239,,2025-07-26T06:06:31.500000Z,-0.6000000000000001,1.2000000000000002,-0.8,25.0
23.71,20.522490768714356,1.34,30.0,1.2806886434555054,103.85496520996094,1010.4053642711239,,2025-07-26T06:06:31.800000Z,-0.4,1.0,-0.6000000000000001,25.0
23.71,21.02601544142332,1.34,30.0,1.280693531036377,103.85496520996094,1010.4053642711239,,2025-07-26T06:06:32Z,-0.2,1.0,-0.6000000000000001,25.0
23.71,21.697381671701937,1.34,30.0,1.2806977033615112,103.8549575805664,1010.4053642711239,,2025-07-26T06:06:32.300000Z,-0.2,0.8,-0.4,25.0
23.71,22.536589459550207,1.34,30.0,1.280703067779541,103.8549575805664,1010.4053642711239,,2025-07-26T06:06:32.500000Z,-0.2,0.8,-0.4,25.0
23.71,22.704431017119862,1.34,30.0,1.2807015180587769,103.85494995117188,1010.4053642711239,,2025-07-26T06:06:32.800000Z,-0.2,0.8,-0.4,25.0
23.71,24.047163477677095,1.34,30.0,1.2807049751281738,103.85494995117188,1010.4053642711239,,2025-07-26T06:06:33Z,-0.2,0.8,-0.4,25.0
23.71,24.886371265525366,1.34,30.0,1.2807116508483887,103.85494995117188,1010.4053642711239,,2025-07-26T06:06:33.300000Z,-0.2,0.8,-0.6000000000000001,25.0
24.04,25.222054380664677,1.67,30.0,1.28071928024292,103.8549575805664,1010.3653124707954,,2025-07-26T06:06:33.500000Z,-0.2,1.0,-0.6000000000000001,25.0
24.04,25.557737495803984,1.67,30.0,1.2807252407073975,103.8549575805664,1010.3653124707954,,2025-07-26T06:06:33.800000Z,-0.2,1.0,-0.6000000000000001,25.0
24.04,26.2291037260826,1.67,30.0,1.2807329893112183,103.85496520996094,1010.3653124707954,,2025-07-26T06:06:34Z,0.0,1.0,-0.6000000000000001,25.0
24.04,26.56478684122191,1.67,30.0,1.2807369232177734,103.85496520996094,1010.3653124707954,,2025-07-26T06:06:34.300000Z,0.0,1.0,-0.6000000000000001,25.0
24.04,26.396945283652254,1.67,30.0,1.2807389497756958,103.8549575805664,1010.3653124707954,,2025-07-26T06:06:34.500000Z,0.0,1.2000000000000002,-0.6000000000000001,25.0
24.04,26.061262168512947,1.67,30.0,1.280739426612854,103.85494995117188,1010.3653124707954,,2025-07-26T06:06:34.800000Z,0.0,1.2000000000000002,-0.4,25.0
24.04,26.2291037260826,1.67,30.0,1.2807424068450928,103.85494995117188,1010.3653124707954,,2025-07-26T06:06:35Z,0.0,1.2000000000000002,-0.4,25.0
24.04,26.73262839879156,1.67,30.0,1.2807445526123047,103.85494995117188,1010.3653124707954,,2025-07-26T06:06:35.300000Z,0.0,1.2000000000000002,-0.4,25.0
24.16,27.068311513930873,1.79,30.0,1.280749797821045,103.85494995117188,1010.351961870686,,2025-07-26T06:06:35.500000Z,0.0,1.2000000000000002,-0.4,25.0
24.16,27.40399462907018,1.79,30.0,1.2807528972625732,103.85494995117188,1010.351961870686,,2025-07-26T06:06:35.800000Z,0.0,1.0,-0.2,25.0
24.16,27.907519301779143,1.79,30.0,1.280758023262024,103.85494995117188,1010.351961870686,,2025-07-26T06:06:36Z,-0.2,1.0,-0.2,25.0
24.16,26.900469956361217,1.79,30.0,1.2807561159133911,103.8549575805664,1010.351961870686,,2025-07-26T06:06:36.300000Z,0.0,1.0,-0.2,25.0
23.82,27.40399462907018,1.45,30.0,1.2807602882385254,103.8549575805664,1010.3920136710144,,2025-07-26T06:06:36.500000Z,0.0,1.0,-0.2,25.0
23.82,27.907519301779143,1.45,30.0,1.2807635068893433,103.8549575805664,1010.3920136710144,,2025-07-26T06:06:36.800000Z,0.0,1.0,-0.2,25.0
23.82,29.250251762336376,1.45,30.0,1.2807649374008179,103.85496520996094,1010.3920136710144,,2025-07-26T06:06:37Z,0.0,1.2000000000000002,-0.4,25.0
23.82,30.08945955018465,1.45,30.0,1.2807679176330566,103.8549575805664,1010.3920136710144,,2025-07-26T06:06:37.300000Z,0.0,1.2000000000000002,-0.4,25.0
23.6,29.921617992614994,1.23,30.0,1.2807695865631104,103.8549575805664,1010.4187148712333,,2025-07-26T06:06:37.500000Z,0.2,1.0,-0.4,25.0
23.6,30.425142665323957,1.23,30.0,1.2807718515396118,103.85496520996094,1010.4187148712333,,2025-07-26T06:06:37.800000Z,0.2,0.8,-0.4,25.0
23.6,30.592984222893612,1.23,30.0,1.2807742357254028,103.85496520996094,1010.4187148712333,,2025-07-26T06:06:38Z,0.2,0.6000000000000001,-0.2,25.0
23.6,31.432192010741883,1.23,30.0,1.2807741165161133,103.8549575805664,1010.4187148712333,,2025-07-26T06:06:38.300000Z,0.2,0.6000000000000001,-0.2,25.0
23.49,32.1035582410205,1.12,30.0,1.280774474143982,103.8549575805664,1010.4320654713429,,2025-07-26T06:06:38.500000Z,0.0,0.6000000000000001,-0.2,25.0
23.49,31.264350453172227,1.12,30.0,1.2807693481445312,103.8549575805664,1010.4320654713429,,2025-07-26T06:06:38.800000Z,0.0,0.6000000000000001,-0.2,25.0
23.49,31.76787512588119,1.12,30.0,1.2807707786560059,103.8549575805664,1010.4320654713429,,2025-07-26T06:06:39Z,0.0,0.4,-0.2,25.0
23.49,32.1035582410205,1.12,30.0,1.280771255493164,103.8549575805664,1010.4320654713429,,2025-07-26T06:06:39.300000Z,0.0,0.6000000000000001,-0.2,25.0
23.71,32.439241356159805,1.34,30.0,1.2807728052139282,103.8549575805664,1010.4053642711239,,2025-07-26T06:06:39.500000Z,0.0,0.6000000000000001,-0.2,25.0
23.71,32.774924471299116,1.34,30.0,1.2807741165161133,103.8549575805664,1010.4053642711239,,2025-07-26T06:06:39.800000Z,0.2,0.4,-0.2,25.0
23.71,33.11060758643843,1.34,30.0,1.2807761430740356,103.85496520996094,1010.4053642711239,,2025-07-26T06:06:40Z,0.2,0.4,-0.2,25.0
23.71,33.27844914400808,1.34,30.0,1.2807780504226685,103.85496520996094,1010.4053642711239,,2025-07-26T06:06:40.300000Z,0.2,0.4,-0.2,25.0
23.49,33.44629070157773,1.12,30.0,1.280779242515564,103.85496520996094,1010.4320654713429,,2025-07-26T06:06:40.500000Z,0.2,0.4,-0.2,25.0
23.49,33.61413225914739,1.12,30.0,1.280780553817749,103.85497283935547,1010.4320654713429,,2025-07-26T06:06:40.800000Z,0.2,0.4,-0.2,25.0
23.49,33.94981537428669,1.12,30.0,1.2807821035385132,103.85497283935547,1010.4320654713429,,2025-07-26T06:06:41Z,0.2,0.4,-0.2,25.0
23.49,34.11765693185635,1.12,30.0,1.2807843685150146,103.85497283935547,1010.4320654713429,,2025-07-26T06:06:41.300000Z,0.2,0.4,-0.2,25.0
23.49,34.78902316213497,1.12,30.0,1.2807788848876953,103.85496520996094,1010.4320654713429,,2025-07-26T06:06:41.500000Z,0.2,0.4,-0.2,25.0
23.49,34.285498489426004,1.12,30.0,1.2807790040969849,103.85497283935547,1010.4320654713429,,2025-07-26T06:06:41.800000Z,0.2,0.4,-0.2,25.0
23.49,34.11765693185635,1.12,30.0,1.280773401260376,103.85497283935547,1010.4320654713429,,2025-07-26T06:06:42Z,0.2,0.4,-0.2,25.0
23.49,33.44629070157773,1.12,30.0,1.2807706594467163,103.85497283935547,1010.4320654713429,,2025-07-26T06:06:42.300000Z,0.2,0.2,-0.2,25.0
23.71,33.44629070157773,1.34,30.0,1.2807741165161133,103.85497283935547,1010.4053642711239,,2025-07-26T06:06:42.500000Z,0.2,0.2,-0.2,25.0
23.71,31.76787512588119,1.34,30.0,1.2807637453079224,103.85497283935547,1010.4053642711239,,2025-07-26T06:06:42.800000Z,0.2,0.2,-0.2,25.0
23.71,29.250251762336376,1.34,30.0,1.2807507514953613,103.85496520996094,1010.4053642711239,,2025-07-26T06:06:43Z,0.2,0.2,0.0,25.0
23.71,27.236153071500524,1.34,30.0,1.280743956565857,103.85496520996094,1010.4053642711239,,2025-07-26T06:06:43.300000Z,0.2,0.0,0.0,25.0
23.71,25.222054380664677,1.34,10.0,1.2807401418685913,103.85496520996094,1010.4053642711239,,2025-07-26T06:06:43.500000Z,0.0,0.0,0.0,25.0
23.71,23.711480362537788,1.34,10.0,1.2807350158691406,103.85496520996094,1010.4053642711239,,2025-07-26T06:06:43.800000Z,0.0,0.0,0.0,25.0
23.71,23.04011413225917,1.34,10.0,1.2807261943817139,103.8549575805664,1010.4053642711239,,2025-07-26T06:06:44Z,0.0,0.0,0.0,10.0
23.71,21.86522322927159,1.34,10.0,1.2807211875915527,103.8549575805664,1010.4053642711239,,2025-07-26T06:06:44.300000Z,0.0,0.0,0.0,10.0
23.82,20.858173883853663,1.45,10.0,1.2807166576385498,103.85494995117188,1010.3920136710144,,2025-07-26T06:06:44.500000Z,0.0,0.0,0.0,10.0
23.82,19.683282980866085,1.45,10.0,1.2807116508483887,103.85494995117188,1010.3920136710144,,2025-07-26T06:06:44.800000Z,0.0,0.0,0.0,10.0
23.82,18.844075193017815,1.45,10.0,1.2807077169418335,103.85494995117188,1010.3920136710144,,2025-07-26T06:06:45Z,0.0,0.0,0.0,10.0
23.82,18.172708962739197,1.45,10.0,1.2807039022445679,103.85494995117188,1010.3920136710144,,2025-07-26T06:06:45.300000Z,0.0,0.0,0.0,10.0
23.82,18.00486740516954,1.45,10.0,1.280701756477356,103.85494995117188,1010.3920136710144,,2025-07-26T06:06:45.500000Z,0.0,0.0,0.0,10.0
23.82,17.50134273246058,1.45,10.0,1.2806988954544067,103.85494232177734,1010.3920136710144,,2025-07-26T06:06:45.800000Z,0.0,0.0,0.0,10.0
23.82,17.16565961732127,1.45,10.0,1.2806967496871948,103.85494232177734,1010.3920136710144,,2025-07-26T06:06:46Z,0.0,0.0,0.0,10.0
23.82,16.829976502181964,1.45,10.0,1.2806960344314575,103.85494232177734,1010.3920136710144,,2025-07-26T06:06:46.300000Z,0.0,0.0,0.0,10.0
23.82,16.494293387042653,1.45,10.0,1.2806942462921143,103.85494232177734,1010.3920136710144,,2025-07-26T06:06:46.500000Z,0.0,0.0,0.0,10.0
23.82,16.829976502181964,1.45,10.0,1.2806891202926636,103.85493469238281,1010.3920136710144,,2025-07-26T06:06:46.800000Z,0.0,-0.2,0.0,10.0
23.82,16.326451829473,1.45,10.0,1.2806825637817383,103.85493469238281,1010.3920136710144,,2025-07-26T06:06:47Z,0.0,-0.2,0.0,10.0
